2026-04-30 16:06:24.783 -03:00 [WRN] The navigation 'Grupo.Membros' was first mapped explicitly and then ignored. Consider not mapping the navigation in the first place.
2026-04-30 16:06:57.276 -03:00 [INF] HTTP GET /health responded 200 in 26.1023 ms
2026-04-30 16:07:06.878 -03:00 [INF] HTTP GET /rotas responded 404 in 0.8513 ms
2026-04-30 16:07:06.920 -03:00 [INF] HTTP GET /usuarios responded 404 in 1.4197 ms
2026-04-30 16:07:30.313 -03:00 [INF] HTTP GET /api/rotas responded 200 in 122.2318 ms
2026-04-30 16:07:30.461 -03:00 [ERR] HTTP GET /api/usuarios responded 500 in 105.9247 ms
AutoMapper.AutoMapperMappingException: Error mapping types.

Mapping types:
List`1 -> IEnumerable`1
System.Collections.Generic.List`1[[CaronaAlvinegra.Domain.Entities.Usuario, CaronaAlvinegra.Domain, Version=1.0.0.0, Culture=neutral, PublicKeyToken=null]] -> System.Collections.Generic.IEnumerable`1[[CaronaAlvinegra.Application.DTOs.UsuarioResponse, CaronaAlvinegra.Application, Version=1.0.0.0, Culture=neutral, PublicKeyToken=null]]
 ---> System.ArgumentException: CaronaAlvinegra.Application.DTOs.UsuarioResponse needs to have a constructor with 0 args or only optional args. Validate your configuration for details. (Parameter 'type')
   at lambda_method260(Closure, Object, IEnumerable`1, ResolutionContext)
   --- End of inner exception stack trace ---
   at lambda_method260(Closure, Object, IEnumerable`1, ResolutionContext)
   at CaronaAlvinegra.Application.Services.UsuarioAppService.ListarAsync(CancellationToken ct) in c:\Users\dudsl\Documents\GitHub\sistema-organizacao-vans\src\CaronaAlvinegra.Application\Services\UsuarioAppService.cs:line 48
   at CaronaAlvinegra.Api.Endpoints.UsuarioEndpoints.<>c.<<MapUsuarioEndpoints>b__0_1>d.MoveNext() in c:\Users\dudsl\Documents\GitHub\sistema-organizacao-vans\src\CaronaAlvinegra.Api\Endpoints\UsuarioEndpoints.cs:line 22
--- End of stack trace from previous location ---
   at Microsoft.AspNetCore.Http.RequestDelegateFactory.ExecuteTaskResult[T](Task`1 task, HttpContext httpContext)
   at Swashbuckle.AspNetCore.SwaggerUI.SwaggerUIMiddleware.Invoke(HttpContext httpContext)
   at Swashbuckle.AspNetCore.Swagger.SwaggerMiddleware.Invoke(HttpContext httpContext, ISwaggerProvider swaggerProvider)
   at Serilog.AspNetCore.RequestLoggingMiddleware.Invoke(HttpContext httpContext)
2026-04-30 16:07:30.494 -03:00 [ERR] Unhandled exception
AutoMapper.AutoMapperMappingException: Error mapping types.

Mapping types:
List`1 -> IEnumerable`1
System.Collections.Generic.List`1[[CaronaAlvinegra.Domain.Entities.Usuario, CaronaAlvinegra.Domain, Version=1.0.0.0, Culture=neutral, PublicKeyToken=null]] -> System.Collections.Generic.IEnumerable`1[[CaronaAlvinegra.Application.DTOs.UsuarioResponse, CaronaAlvinegra.Application, Version=1.0.0.0, Culture=neutral, PublicKeyToken=null]]
 ---> System.ArgumentException: CaronaAlvinegra.Application.DTOs.UsuarioResponse needs to have a constructor with 0 args or only optional args. Validate your configuration for details. (Parameter 'type')
   at lambda_method260(Closure, Object, IEnumerable`1, ResolutionContext)
   --- End of inner exception stack trace ---
   at lambda_method260(Closure, Object, IEnumerable`1, ResolutionContext)
   at CaronaAlvinegra.Application.Services.UsuarioAppService.ListarAsync(CancellationToken ct) in c:\Users\dudsl\Documents\GitHub\sistema-organizacao-vans\src\CaronaAlvinegra.Application\Services\UsuarioAppService.cs:line 48
   at CaronaAlvinegra.Api.Endpoints.UsuarioEndpoints.<>c.<<MapUsuarioEndpoints>b__0_1>d.MoveNext() in c:\Users\dudsl\Documents\GitHub\sistema-organizacao-vans\src\CaronaAlvinegra.Api\Endpoints\UsuarioEndpoints.cs:line 22
--- End of stack trace from previous location ---
   at Microsoft.AspNetCore.Http.RequestDelegateFactory.ExecuteTaskResult[T](Task`1 task, HttpContext httpContext)
   at Swashbuckle.AspNetCore.SwaggerUI.SwaggerUIMiddleware.Invoke(HttpContext httpContext)
   at Swashbuckle.AspNetCore.Swagger.SwaggerMiddleware.Invoke(HttpContext httpContext, ISwaggerProvider swaggerProvider)
   at Serilog.AspNetCore.RequestLoggingMiddleware.Invoke(HttpContext httpContext)
   at CaronaAlvinegra.Api.Middleware.ExceptionHandlingMiddleware.InvokeAsync(HttpContext context) in c:\Users\dudsl\Documents\GitHub\sistema-organizacao-vans\src\CaronaAlvinegra.Api\Middleware\ExceptionHandlingMiddleware.cs:line 22
2026-04-30 16:07:30.581 -03:00 [INF] HTTP GET /api/grupos responded 200 in 52.6748 ms
2026-04-30 16:07:30.637 -03:00 [INF] HTTP GET /api/jogos responded 200 in 12.8145 ms
2026-04-30 16:11:56.877 -03:00 [WRN] The navigation 'Grupo.Membros' was first mapped explicitly and then ignored. Consider not mapping the navigation in the first place.
2026-04-30 16:12:27.696 -03:00 [INF] HTTP GET /api/usuarios responded 200 in 206.5620 ms
2026-04-30 16:14:36.614 -03:00 [WRN] The navigation 'Grupo.Membros' was first mapped explicitly and then ignored. Consider not mapping the navigation in the first place.
2026-04-30 16:14:37.331 -03:00 [INF] HTTP GET /health responded 200 in 15.4332 ms
2026-04-30 16:14:38.305 -03:00 [INF] HTTP GET /swagger responded 301 in 2.6046 ms
2026-04-30 16:14:38.446 -03:00 [INF] HTTP GET /swagger/index.html responded 200 in 132.9962 ms
2026-04-30 16:14:38.474 -03:00 [INF] HTTP GET /swagger/index.js responded 200 in 0.4288 ms
2026-04-30 16:14:38.477 -03:00 [INF] HTTP GET /swagger/index.css responded 200 in 4.2136 ms
2026-04-30 16:14:38.496 -03:00 [INF] HTTP GET /swagger/swagger-ui-standalone-preset.js responded 200 in 21.8308 ms
2026-04-30 16:14:38.496 -03:00 [INF] HTTP GET /swagger/swagger-ui.css responded 200 in 25.7393 ms
2026-04-30 16:14:38.517 -03:00 [INF] HTTP GET /swagger/swagger-ui-bundle.js responded 200 in 43.9183 ms
2026-04-30 16:14:38.720 -03:00 [INF] HTTP GET /swagger/favicon-32x32.png responded 200 in 0.4151 ms
2026-04-30 16:14:38.922 -03:00 [INF] HTTP GET /swagger/v1/swagger.json responded 200 in 223.2763 ms
2026-04-30 16:28:28.602 -03:00 [WRN] The navigation 'Grupo.Membros' was first mapped explicitly and then ignored. Consider not mapping the navigation in the first place.
2026-04-30 16:28:55.843 -03:00 [INF] HTTP GET / responded 302 in 16.8489 ms
2026-04-30 16:28:55.877 -03:00 [INF] HTTP GET /index.html responded 200 in 23.1718 ms
2026-04-30 16:29:06.630 -03:00 [INF] HTTP GET /css/app.css responded 200 in 2.2296 ms
2026-04-30 16:29:06.680 -03:00 [INF] HTTP GET /js/api.js responded 200 in 2.8141 ms
2026-04-30 16:29:06.772 -03:00 [INF] HTTP GET /js/app.js responded 200 in 1.5011 ms
2026-04-30 16:29:07.048 -03:00 [INF] HTTP GET /api/usuarios responded 200 in 188.6982 ms
2026-04-30 16:30:32.877 -03:00 [INF] HTTP GET /health responded 200 in 5.0849 ms
2026-04-30 16:30:33.677 -03:00 [INF] HTTP GET / responded 302 in 0.2543 ms
2026-04-30 16:30:33.689 -03:00 [INF] HTTP GET /index.html responded 200 in 5.1863 ms
2026-04-30 16:30:33.887 -03:00 [INF] HTTP GET /css/app.css responded 200 in 1.6390 ms
2026-04-30 16:30:33.890 -03:00 [INF] HTTP GET /js/api.js responded 200 in 0.9590 ms
2026-04-30 16:30:33.891 -03:00 [INF] HTTP GET /js/app.js responded 200 in 1.1603 ms
2026-04-30 16:30:34.008 -03:00 [INF] HTTP GET /favicon.ico responded 404 in 2.6365 ms
2026-04-30 16:30:34.104 -03:00 [INF] HTTP GET /api/usuarios responded 200 in 112.6407 ms
2026-04-30 16:30:34.125 -03:00 [INF] HTTP GET /api/jogos responded 200 in 130.6272 ms
2026-04-30 16:30:34.141 -03:00 [INF] HTTP GET /api/rotas responded 200 in 148.7449 ms
2026-04-30 16:30:34.223 -03:00 [INF] HTTP GET /api/grupos responded 200 in 229.9351 ms
2026-04-30 16:30:36.783 -03:00 [INF] HTTP GET /api/usuarios responded 200 in 6.6363 ms
2026-04-30 16:30:36.793 -03:00 [INF] HTTP GET /api/grupos responded 200 in 4.6255 ms
2026-04-30 16:30:36.799 -03:00 [INF] HTTP GET /api/rotas responded 200 in 2.3450 ms
2026-04-30 16:30:39.481 -03:00 [INF] HTTP GET /api/grupos responded 200 in 6.4935 ms
2026-04-30 16:30:39.490 -03:00 [INF] HTTP GET /api/usuarios responded 200 in 2.1467 ms
2026-04-30 16:30:40.243 -03:00 [INF] HTTP GET /api/usuarios responded 200 in 2.2421 ms
2026-04-30 16:30:40.257 -03:00 [INF] HTTP GET /api/grupos responded 200 in 2.8706 ms
2026-04-30 16:30:40.263 -03:00 [INF] HTTP GET /api/rotas responded 200 in 2.8394 ms
2026-04-30 16:30:40.605 -03:00 [INF] HTTP GET /api/usuarios responded 200 in 2.1719 ms
2026-04-30 16:30:40.605 -03:00 [INF] HTTP GET /api/rotas responded 200 in 1.7798 ms
2026-04-30 16:30:40.607 -03:00 [INF] HTTP GET /api/jogos responded 200 in 3.3787 ms
2026-04-30 16:30:40.607 -03:00 [INF] HTTP GET /api/grupos responded 200 in 4.4683 ms
2026-04-30 16:30:43.833 -03:00 [INF] HTTP GET /api/jogos responded 200 in 6.2442 ms
2026-04-30 16:30:43.838 -03:00 [INF] HTTP GET /api/usuarios responded 200 in 1.3912 ms
2026-04-30 16:30:43.842 -03:00 [INF] HTTP GET /api/rotas responded 200 in 1.2354 ms
2026-04-30 16:30:44.862 -03:00 [INF] HTTP GET /api/usuarios responded 200 in 2.3786 ms
2026-04-30 16:30:44.875 -03:00 [INF] HTTP GET /api/jogos responded 200 in 2.1992 ms
2026-04-30 16:30:44.875 -03:00 [INF] HTTP GET /api/rotas responded 200 in 2.3620 ms
2026-04-30 16:30:44.879 -03:00 [INF] HTTP GET /api/grupos responded 200 in 6.5810 ms
2026-04-30 16:31:58.853 -03:00 [INF] HTTP GET /health responded 200 in 0.3458 ms
2026-04-30 16:31:59.579 -03:00 [INF] HTTP GET / responded 302 in 0.1290 ms
2026-04-30 16:31:59.588 -03:00 [INF] HTTP GET /index.html responded 304 in 2.8374 ms
2026-04-30 16:31:59.709 -03:00 [INF] HTTP GET /css/app.css responded 304 in 0.8174 ms
2026-04-30 16:31:59.712 -03:00 [INF] HTTP GET /js/api.js responded 304 in 1.0668 ms
2026-04-30 16:31:59.712 -03:00 [INF] HTTP GET /js/app.js responded 304 in 0.8194 ms
2026-04-30 16:31:59.838 -03:00 [INF] HTTP GET /api/usuarios responded 200 in 5.6269 ms
2026-04-30 16:31:59.839 -03:00 [INF] HTTP GET /api/rotas responded 200 in 2.2874 ms
2026-04-30 16:31:59.842 -03:00 [INF] HTTP GET /api/grupos responded 200 in 6.1104 ms
2026-04-30 16:31:59.846 -03:00 [INF] HTTP GET /favicon.ico responded 404 in 0.5984 ms
2026-04-30 16:31:59.847 -03:00 [INF] HTTP GET /api/jogos responded 200 in 1.5870 ms
2026-04-30 16:32:01.309 -03:00 [INF] HTTP GET /api/rotas responded 200 in 1.7362 ms
2026-04-30 16:32:02.107 -03:00 [INF] HTTP GET /api/jogos responded 200 in 2.4505 ms
2026-04-30 16:32:02.121 -03:00 [INF] HTTP GET /api/usuarios responded 200 in 5.8534 ms
2026-04-30 16:32:02.129 -03:00 [INF] HTTP GET /api/rotas responded 200 in 2.5870 ms
2026-04-30 16:32:02.876 -03:00 [INF] HTTP GET /api/usuarios responded 200 in 1.8643 ms
2026-04-30 16:32:02.884 -03:00 [INF] HTTP GET /api/grupos responded 200 in 2.3407 ms
2026-04-30 16:32:02.890 -03:00 [INF] HTTP GET /api/rotas responded 200 in 1.6134 ms
2026-04-30 16:32:04.715 -03:00 [INF] HTTP GET /api/jogos responded 200 in 1.3882 ms
2026-04-30 16:32:04.715 -03:00 [INF] HTTP GET /api/usuarios responded 200 in 1.7564 ms
2026-04-30 16:32:04.716 -03:00 [INF] HTTP GET /api/rotas responded 200 in 2.9457 ms
2026-04-30 16:32:04.716 -03:00 [INF] HTTP GET /api/grupos responded 200 in 3.1825 ms
2026-04-30 16:36:13.884 -03:00 [INF] HTTP GET /index.html responded 200 in 4.2503 ms
2026-04-30 16:36:13.900 -03:00 [INF] HTTP GET /css/app.css responded 200 in 1.3007 ms
2026-04-30 16:36:13.900 -03:00 [INF] HTTP GET /js/api.js responded 200 in 0.9316 ms
2026-04-30 16:36:13.929 -03:00 [INF] HTTP GET /js/app.js responded 200 in 29.3251 ms
2026-04-30 16:36:13.936 -03:00 [INF] HTTP GET /api/jogos responded 200 in 1.5192 ms
2026-04-30 16:36:13.936 -03:00 [INF] HTTP GET /api/usuarios responded 200 in 1.7901 ms
2026-04-30 16:36:13.936 -03:00 [INF] HTTP GET /api/rotas responded 200 in 1.0184 ms
2026-04-30 16:36:13.938 -03:00 [INF] HTTP GET /api/grupos responded 200 in 3.6167 ms
2026-04-30 16:36:13.946 -03:00 [INF] HTTP GET /favicon.ico responded 404 in 0.4376 ms
2026-04-30 16:36:16.770 -03:00 [INF] HTTP GET /api/rotas responded 200 in 1.4741 ms
2026-04-30 16:36:16.770 -03:00 [INF] HTTP GET /api/usuarios responded 200 in 1.5188 ms
2026-04-30 16:36:16.772 -03:00 [INF] HTTP GET /api/grupos responded 200 in 3.6032 ms
2026-04-30 16:36:26.085 -03:00 [INF] HTTP GET /api/usuarios responded 200 in 1.5167 ms
2026-04-30 16:36:26.088 -03:00 [INF] HTTP GET /api/grupos responded 200 in 4.7225 ms
2026-04-30 16:36:28.423 -03:00 [INF] HTTP GET /api/rotas responded 200 in 1.2955 ms
2026-04-30 16:36:30.391 -03:00 [INF] HTTP GET /api/jogos responded 200 in 0.9316 ms
2026-04-30 16:36:30.391 -03:00 [INF] HTTP GET /api/rotas responded 200 in 12.3262 ms
2026-04-30 16:36:30.391 -03:00 [INF] HTTP GET /api/usuarios responded 200 in 12.6736 ms
2026-04-30 16:36:30.391 -03:00 [INF] HTTP GET /api/grupos responded 200 in 13.3900 ms
2026-04-30 16:36:50.465 -03:00 [INF] HTTP GET /api/rotas responded 200 in 0.6045 ms
2026-04-30 16:36:50.465 -03:00 [INF] HTTP GET /api/usuarios responded 200 in 1.3005 ms
2026-04-30 16:36:50.466 -03:00 [INF] HTTP GET /api/grupos responded 200 in 2.1936 ms
2026-04-30 16:36:53.226 -03:00 [INF] HTTP GET /api/usuarios responded 200 in 3.3189 ms
2026-04-30 16:36:53.229 -03:00 [INF] HTTP GET /api/grupos responded 200 in 6.6963 ms
2026-04-30 16:36:53.834 -03:00 [INF] HTTP GET /api/rotas responded 200 in 2.1657 ms
2026-04-30 16:37:00.391 -03:00 [ERR] Failed executing DbCommand (3ms) [Parameters=[@p0='?' (DbType = Guid)], CommandType='"Text"', CommandTimeout='30']
DELETE FROM "Rotas"
WHERE "Id" = @p0
RETURNING 1;
2026-04-30 16:37:00.413 -03:00 [ERR] An exception occurred in the database while saving changes for context type 'CaronaAlvinegra.Infrastructure.Data.AppDbContext'.
Microsoft.EntityFrameworkCore.DbUpdateException: An error occurred while saving the entity changes. See the inner exception for details.
 ---> Microsoft.Data.Sqlite.SqliteException (0x80004005): SQLite Error 19: 'FOREIGN KEY constraint failed'.
   at Microsoft.Data.Sqlite.SqliteException.ThrowExceptionForRC(Int32 rc, sqlite3 db)
   at Microsoft.Data.Sqlite.SqliteDataReader.NextResult()
   at Microsoft.Data.Sqlite.SqliteCommand.ExecuteReader(CommandBehavior behavior)
   at Microsoft.Data.Sqlite.SqliteCommand.ExecuteDbDataReaderAsync(CommandBehavior behavior, CancellationToken cancellationToken)
   at Microsoft.EntityFrameworkCore.Storage.RelationalCommand.ExecuteReaderAsync(RelationalCommandParameterObject parameterObject, CancellationToken cancellationToken)
   at Microsoft.EntityFrameworkCore.Storage.RelationalCommand.ExecuteReaderAsync(RelationalCommandParameterObject parameterObject, CancellationToken cancellationToken)
   at Microsoft.EntityFrameworkCore.Update.ReaderModificationCommandBatch.ExecuteAsync(IRelationalConnection connection, CancellationToken cancellationToken)
   --- End of inner exception stack trace ---
   at Microsoft.EntityFrameworkCore.Update.ReaderModificationCommandBatch.ExecuteAsync(IRelationalConnection connection, CancellationToken cancellationToken)
   at Microsoft.EntityFrameworkCore.Update.Internal.BatchExecutor.ExecuteAsync(IEnumerable`1 commandBatches, IRelationalConnection connection, CancellationToken cancellationToken)
   at Microsoft.EntityFrameworkCore.Update.Internal.BatchExecutor.ExecuteAsync(IEnumerable`1 commandBatches, IRelationalConnection connection, CancellationToken cancellationToken)
   at Microsoft.EntityFrameworkCore.Update.Internal.BatchExecutor.ExecuteAsync(IEnumerable`1 commandBatches, IRelationalConnection connection, CancellationToken cancellationToken)
   at Microsoft.EntityFrameworkCore.Storage.RelationalDatabase.SaveChangesAsync(IList`1 entries, CancellationToken cancellationToken)
   at Microsoft.EntityFrameworkCore.ChangeTracking.Internal.StateManager.SaveChangesAsync(IList`1 entriesToSave, CancellationToken cancellationToken)
   at Microsoft.EntityFrameworkCore.ChangeTracking.Internal.StateManager.SaveChangesAsync(StateManager stateManager, Boolean acceptAllChangesOnSuccess, CancellationToken cancellationToken)
   at Microsoft.EntityFrameworkCore.DbContext.SaveChangesAsync(Boolean acceptAllChangesOnSuccess, CancellationToken cancellationToken)
Microsoft.EntityFrameworkCore.DbUpdateException: An error occurred while saving the entity changes. See the inner exception for details.
 ---> Microsoft.Data.Sqlite.SqliteException (0x80004005): SQLite Error 19: 'FOREIGN KEY constraint failed'.
   at Microsoft.Data.Sqlite.SqliteException.ThrowExceptionForRC(Int32 rc, sqlite3 db)
   at Microsoft.Data.Sqlite.SqliteDataReader.NextResult()
   at Microsoft.Data.Sqlite.SqliteCommand.ExecuteReader(CommandBehavior behavior)
   at Microsoft.Data.Sqlite.SqliteCommand.ExecuteDbDataReaderAsync(CommandBehavior behavior, CancellationToken cancellationToken)
   at Microsoft.EntityFrameworkCore.Storage.RelationalCommand.ExecuteReaderAsync(RelationalCommandParameterObject parameterObject, CancellationToken cancellationToken)
   at Microsoft.EntityFrameworkCore.Storage.RelationalCommand.ExecuteReaderAsync(RelationalCommandParameterObject parameterObject, CancellationToken cancellationToken)
   at Microsoft.EntityFrameworkCore.Update.ReaderModificationCommandBatch.ExecuteAsync(IRelationalConnection connection, CancellationToken cancellationToken)
   --- End of inner exception stack trace ---
   at Microsoft.EntityFrameworkCore.Update.ReaderModificationCommandBatch.ExecuteAsync(IRelationalConnection connection, CancellationToken cancellationToken)
   at Microsoft.EntityFrameworkCore.Update.Internal.BatchExecutor.ExecuteAsync(IEnumerable`1 commandBatches, IRelationalConnection connection, CancellationToken cancellationToken)
   at Microsoft.EntityFrameworkCore.Update.Internal.BatchExecutor.ExecuteAsync(IEnumerable`1 commandBatches, IRelationalConnection connection, CancellationToken cancellationToken)
   at Microsoft.EntityFrameworkCore.Update.Internal.BatchExecutor.ExecuteAsync(IEnumerable`1 commandBatches, IRelationalConnection connection, CancellationToken cancellationToken)
   at Microsoft.EntityFrameworkCore.Storage.RelationalDatabase.SaveChangesAsync(IList`1 entries, CancellationToken cancellationToken)
   at Microsoft.EntityFrameworkCore.ChangeTracking.Internal.StateManager.SaveChangesAsync(IList`1 entriesToSave, CancellationToken cancellationToken)
   at Microsoft.EntityFrameworkCore.ChangeTracking.Internal.StateManager.SaveChangesAsync(StateManager stateManager, Boolean acceptAllChangesOnSuccess, CancellationToken cancellationToken)
   at Microsoft.EntityFrameworkCore.DbContext.SaveChangesAsync(Boolean acceptAllChangesOnSuccess, CancellationToken cancellationToken)
2026-04-30 16:37:00.417 -03:00 [ERR] HTTP DELETE /api/rotas/ce220b99-8ba3-4085-ae83-fee098cb2f4b responded 500 in 199.2109 ms
Microsoft.EntityFrameworkCore.DbUpdateException: An error occurred while saving the entity changes. See the inner exception for details.
 ---> Microsoft.Data.Sqlite.SqliteException (0x80004005): SQLite Error 19: 'FOREIGN KEY constraint failed'.
   at Microsoft.Data.Sqlite.SqliteException.ThrowExceptionForRC(Int32 rc, sqlite3 db)
   at Microsoft.Data.Sqlite.SqliteDataReader.NextResult()
   at Microsoft.Data.Sqlite.SqliteCommand.ExecuteReader(CommandBehavior behavior)
   at Microsoft.Data.Sqlite.SqliteCommand.ExecuteDbDataReaderAsync(CommandBehavior behavior, CancellationToken cancellationToken)
   at Microsoft.EntityFrameworkCore.Storage.RelationalCommand.ExecuteReaderAsync(RelationalCommandParameterObject parameterObject, CancellationToken cancellationToken)
   at Microsoft.EntityFrameworkCore.Storage.RelationalCommand.ExecuteReaderAsync(RelationalCommandParameterObject parameterObject, CancellationToken cancellationToken)
   at Microsoft.EntityFrameworkCore.Update.ReaderModificationCommandBatch.ExecuteAsync(IRelationalConnection connection, CancellationToken cancellationToken)
   --- End of inner exception stack trace ---
   at Microsoft.EntityFrameworkCore.Update.ReaderModificationCommandBatch.ExecuteAsync(IRelationalConnection connection, CancellationToken cancellationToken)
   at Microsoft.EntityFrameworkCore.Update.Internal.BatchExecutor.ExecuteAsync(IEnumerable`1 commandBatches, IRelationalConnection connection, CancellationToken cancellationToken)
   at Microsoft.EntityFrameworkCore.Update.Internal.BatchExecutor.ExecuteAsync(IEnumerable`1 commandBatches, IRelationalConnection connection, CancellationToken cancellationToken)
   at Microsoft.EntityFrameworkCore.Update.Internal.BatchExecutor.ExecuteAsync(IEnumerable`1 commandBatches, IRelationalConnection connection, CancellationToken cancellationToken)
   at Microsoft.EntityFrameworkCore.Storage.RelationalDatabase.SaveChangesAsync(IList`1 entries, CancellationToken cancellationToken)
   at Microsoft.EntityFrameworkCore.ChangeTracking.Internal.StateManager.SaveChangesAsync(IList`1 entriesToSave, CancellationToken cancellationToken)
   at Microsoft.EntityFrameworkCore.ChangeTracking.Internal.StateManager.SaveChangesAsync(StateManager stateManager, Boolean acceptAllChangesOnSuccess, CancellationToken cancellationToken)
   at Microsoft.EntityFrameworkCore.DbContext.SaveChangesAsync(Boolean acceptAllChangesOnSuccess, CancellationToken cancellationToken)
   at Microsoft.EntityFrameworkCore.DbContext.SaveChangesAsync(Boolean acceptAllChangesOnSuccess, CancellationToken cancellationToken)
   at CaronaAlvinegra.Infrastructure.Repositories.UnitOfWork.CommitAsync(CancellationToken cancellationToken)
   at CaronaAlvinegra.Application.Services.RotaAppService.RemoverAsync(Guid id, CancellationToken ct)
   at CaronaAlvinegra.Api.Endpoints.RotaEndpoints.<>c.<<MapRotaEndpoints>b__0_3>d.MoveNext() in c:\Users\dudsl\Documents\GitHub\sistema-organizacao-vans\src\CaronaAlvinegra.Api\Endpoints\RotaEndpoints.cs:line 38
--- End of stack trace from previous location ---
   at Microsoft.AspNetCore.Http.RequestDelegateFactory.ExecuteTaskResult[T](Task`1 task, HttpContext httpContext)
   at Swashbuckle.AspNetCore.SwaggerUI.SwaggerUIMiddleware.Invoke(HttpContext httpContext)
   at Swashbuckle.AspNetCore.Swagger.SwaggerMiddleware.Invoke(HttpContext httpContext, ISwaggerProvider swaggerProvider)
   at Serilog.AspNetCore.RequestLoggingMiddleware.Invoke(HttpContext httpContext)
2026-04-30 16:37:00.472 -03:00 [ERR] Unhandled exception
Microsoft.EntityFrameworkCore.DbUpdateException: An error occurred while saving the entity changes. See the inner exception for details.
 ---> Microsoft.Data.Sqlite.SqliteException (0x80004005): SQLite Error 19: 'FOREIGN KEY constraint failed'.
   at Microsoft.Data.Sqlite.SqliteException.ThrowExceptionForRC(Int32 rc, sqlite3 db)
   at Microsoft.Data.Sqlite.SqliteDataReader.NextResult()
   at Microsoft.Data.Sqlite.SqliteCommand.ExecuteReader(CommandBehavior behavior)
   at Microsoft.Data.Sqlite.SqliteCommand.ExecuteDbDataReaderAsync(CommandBehavior behavior, CancellationToken cancellationToken)
   at Microsoft.EntityFrameworkCore.Storage.RelationalCommand.ExecuteReaderAsync(RelationalCommandParameterObject parameterObject, CancellationToken cancellationToken)
   at Microsoft.EntityFrameworkCore.Storage.RelationalCommand.ExecuteReaderAsync(RelationalCommandParameterObject parameterObject, CancellationToken cancellationToken)
   at Microsoft.EntityFrameworkCore.Update.ReaderModificationCommandBatch.ExecuteAsync(IRelationalConnection connection, CancellationToken cancellationToken)
   --- End of inner exception stack trace ---
   at Microsoft.EntityFrameworkCore.Update.ReaderModificationCommandBatch.ExecuteAsync(IRelationalConnection connection, CancellationToken cancellationToken)
   at Microsoft.EntityFrameworkCore.Update.Internal.BatchExecutor.ExecuteAsync(IEnumerable`1 commandBatches, IRelationalConnection connection, CancellationToken cancellationToken)
   at Microsoft.EntityFrameworkCore.Update.Internal.BatchExecutor.ExecuteAsync(IEnumerable`1 commandBatches, IRelationalConnection connection, CancellationToken cancellationToken)
   at Microsoft.EntityFrameworkCore.Update.Internal.BatchExecutor.ExecuteAsync(IEnumerable`1 commandBatches, IRelationalConnection connection, CancellationToken cancellationToken)
   at Microsoft.EntityFrameworkCore.Storage.RelationalDatabase.SaveChangesAsync(IList`1 entries, CancellationToken cancellationToken)
   at Microsoft.EntityFrameworkCore.ChangeTracking.Internal.StateManager.SaveChangesAsync(IList`1 entriesToSave, CancellationToken cancellationToken)
   at Microsoft.EntityFrameworkCore.ChangeTracking.Internal.StateManager.SaveChangesAsync(StateManager stateManager, Boolean acceptAllChangesOnSuccess, CancellationToken cancellationToken)
   at Microsoft.EntityFrameworkCore.DbContext.SaveChangesAsync(Boolean acceptAllChangesOnSuccess, CancellationToken cancellationToken)
   at Microsoft.EntityFrameworkCore.DbContext.SaveChangesAsync(Boolean acceptAllChangesOnSuccess, CancellationToken cancellationToken)
   at CaronaAlvinegra.Infrastructure.Repositories.UnitOfWork.CommitAsync(CancellationToken cancellationToken)
   at CaronaAlvinegra.Application.Services.RotaAppService.RemoverAsync(Guid id, CancellationToken ct)
   at CaronaAlvinegra.Api.Endpoints.RotaEndpoints.<>c.<<MapRotaEndpoints>b__0_3>d.MoveNext() in c:\Users\dudsl\Documents\GitHub\sistema-organizacao-vans\src\CaronaAlvinegra.Api\Endpoints\RotaEndpoints.cs:line 38
--- End of stack trace from previous location ---
   at Microsoft.AspNetCore.Http.RequestDelegateFactory.ExecuteTaskResult[T](Task`1 task, HttpContext httpContext)
   at Swashbuckle.AspNetCore.SwaggerUI.SwaggerUIMiddleware.Invoke(HttpContext httpContext)
   at Swashbuckle.AspNetCore.Swagger.SwaggerMiddleware.Invoke(HttpContext httpContext, ISwaggerProvider swaggerProvider)
   at Serilog.AspNetCore.RequestLoggingMiddleware.Invoke(HttpContext httpContext)
   at CaronaAlvinegra.Api.Middleware.ExceptionHandlingMiddleware.InvokeAsync(HttpContext context) in c:\Users\dudsl\Documents\GitHub\sistema-organizacao-vans\src\CaronaAlvinegra.Api\Middleware\ExceptionHandlingMiddleware.cs:line 22
2026-04-30 16:37:03.830 -03:00 [INF] HTTP GET /api/rotas responded 200 in 1.3560 ms
2026-04-30 16:37:03.832 -03:00 [INF] HTTP GET /api/usuarios responded 200 in 2.9131 ms
2026-04-30 16:37:03.835 -03:00 [INF] HTTP GET /api/grupos responded 200 in 5.8363 ms
2026-04-30 16:37:12.490 -03:00 [INF] HTTP DELETE /api/usuarios/1f4a0e9e-2726-462d-9a70-185938a4f4e8 responded 204 in 65.0261 ms
2026-04-30 16:37:12.496 -03:00 [INF] HTTP GET /api/rotas responded 200 in 0.9998 ms
2026-04-30 16:37:12.496 -03:00 [INF] HTTP GET /api/usuarios responded 200 in 1.0660 ms
2026-04-30 16:37:12.498 -03:00 [INF] HTTP GET /api/grupos responded 200 in 2.4742 ms
2026-04-30 16:37:15.611 -03:00 [INF] HTTP DELETE /api/usuarios/4d291293-79c5-4d65-a874-7539285c2c96 responded 204 in 4.8105 ms
2026-04-30 16:37:15.617 -03:00 [INF] HTTP GET /api/rotas responded 200 in 0.9532 ms
2026-04-30 16:37:15.617 -03:00 [INF] HTTP GET /api/usuarios responded 200 in 1.0666 ms
2026-04-30 16:37:15.620 -03:00 [INF] HTTP GET /api/grupos responded 200 in 4.1325 ms
2026-04-30 16:37:17.720 -03:00 [INF] HTTP DELETE /api/usuarios/213f8840-82be-4b89-b811-7dde4bdf4d50 responded 204 in 17.5507 ms
2026-04-30 16:37:17.725 -03:00 [INF] HTTP GET /api/usuarios responded 200 in 1.2156 ms
2026-04-30 16:37:17.725 -03:00 [INF] HTTP GET /api/rotas responded 200 in 1.2163 ms
2026-04-30 16:37:17.727 -03:00 [INF] HTTP GET /api/grupos responded 200 in 3.4214 ms
2026-04-30 16:37:20.142 -03:00 [INF] HTTP DELETE /api/usuarios/7f135902-576f-4457-ba1c-5f507f838d43 responded 204 in 18.0580 ms
2026-04-30 16:37:20.150 -03:00 [INF] HTTP GET /api/rotas responded 200 in 1.1945 ms
2026-04-30 16:37:20.150 -03:00 [INF] HTTP GET /api/usuarios responded 200 in 1.3204 ms
2026-04-30 16:37:20.152 -03:00 [INF] HTTP GET /api/grupos responded 200 in 2.9271 ms
2026-04-30 16:37:22.979 -03:00 [INF] HTTP DELETE /api/usuarios/58d734a7-c73e-4683-9dce-a581cbdaeeba responded 204 in 5.3771 ms
2026-04-30 16:37:22.986 -03:00 [INF] HTTP GET /api/rotas responded 200 in 1.4150 ms
2026-04-30 16:37:22.986 -03:00 [INF] HTTP GET /api/usuarios responded 200 in 1.4547 ms
2026-04-30 16:37:22.988 -03:00 [INF] HTTP GET /api/grupos responded 200 in 3.6975 ms
2026-04-30 16:37:25.338 -03:00 [INF] HTTP DELETE /api/usuarios/8d5a5374-df3e-48d3-a386-eb7f1c03db1d responded 204 in 17.2502 ms
2026-04-30 16:37:25.343 -03:00 [INF] HTTP GET /api/rotas responded 200 in 1.2238 ms
2026-04-30 16:37:25.343 -03:00 [INF] HTTP GET /api/usuarios responded 200 in 1.3230 ms
2026-04-30 16:37:25.344 -03:00 [INF] HTTP GET /api/grupos responded 200 in 2.3503 ms
2026-04-30 16:37:27.436 -03:00 [INF] HTTP DELETE /api/usuarios/e9a133d8-c6cc-45f5-a256-e5235d5009e8 responded 204 in 18.1557 ms
2026-04-30 16:37:27.442 -03:00 [INF] HTTP GET /api/rotas responded 200 in 1.3230 ms
2026-04-30 16:37:27.442 -03:00 [INF] HTTP GET /api/usuarios responded 200 in 1.3188 ms
2026-04-30 16:37:27.444 -03:00 [INF] HTTP GET /api/grupos responded 200 in 2.7880 ms
2026-04-30 16:37:31.741 -03:00 [INF] HTTP DELETE /api/usuarios/880a0c2f-e9b8-488a-89c4-c0dbe3adb7d2 responded 204 in 16.8956 ms
2026-04-30 16:37:31.747 -03:00 [INF] HTTP GET /api/rotas responded 200 in 1.0028 ms
2026-04-30 16:37:31.748 -03:00 [INF] HTTP GET /api/usuarios responded 200 in 1.2680 ms
2026-04-30 16:37:31.750 -03:00 [INF] HTTP GET /api/grupos responded 200 in 3.3241 ms
2026-04-30 16:37:33.211 -03:00 [INF] HTTP GET /api/usuarios responded 200 in 1.3649 ms
2026-04-30 16:37:33.212 -03:00 [INF] HTTP GET /api/grupos responded 200 in 2.1272 ms
2026-04-30 16:37:37.062 -03:00 [INF] HTTP DELETE /api/grupos/6bf94d09-9040-419f-9d23-236d27f2263f responded 204 in 21.9817 ms
2026-04-30 16:37:37.065 -03:00 [INF] HTTP GET /api/usuarios responded 200 in 0.6535 ms
2026-04-30 16:37:37.065 -03:00 [INF] HTTP GET /api/grupos responded 200 in 0.9922 ms
2026-04-30 16:37:39.209 -03:00 [INF] HTTP DELETE /api/grupos/dcce06b3-04e6-443e-9cf1-a05d074ef905 responded 204 in 3.9533 ms
2026-04-30 16:37:39.214 -03:00 [INF] HTTP GET /api/usuarios responded 200 in 0.9327 ms
2026-04-30 16:37:39.214 -03:00 [INF] HTTP GET /api/grupos responded 200 in 1.1155 ms
2026-04-30 16:37:42.010 -03:00 [INF] HTTP DELETE /api/grupos/e4845796-8ee3-48d9-b2dd-ef2029a4c567 responded 204 in 17.6708 ms
2026-04-30 16:37:42.015 -03:00 [INF] HTTP GET /api/usuarios responded 200 in 0.9280 ms
2026-04-30 16:37:42.015 -03:00 [INF] HTTP GET /api/grupos responded 200 in 0.9266 ms
2026-04-30 16:37:46.882 -03:00 [INF] HTTP GET /index.html responded 304 in 0.5521 ms
2026-04-30 16:37:46.896 -03:00 [INF] HTTP GET /js/app.js responded 304 in 0.5704 ms
2026-04-30 16:37:46.920 -03:00 [INF] HTTP GET /api/jogos responded 200 in 0.4619 ms
2026-04-30 16:37:46.920 -03:00 [INF] HTTP GET /api/grupos responded 200 in 0.6566 ms
2026-04-30 16:37:46.920 -03:00 [INF] HTTP GET /api/usuarios responded 200 in 0.8583 ms
2026-04-30 16:37:46.920 -03:00 [INF] HTTP GET /api/rotas responded 200 in 0.6740 ms
2026-04-30 16:37:48.308 -03:00 [INF] HTTP GET /api/grupos responded 200 in 1.0116 ms
2026-04-30 16:37:48.308 -03:00 [INF] HTTP GET /api/usuarios responded 200 in 1.1675 ms
2026-04-30 16:37:48.308 -03:00 [INF] HTTP GET /api/rotas responded 200 in 1.2020 ms
2026-04-30 16:37:49.030 -03:00 [INF] HTTP GET /api/grupos responded 200 in 1.2910 ms
2026-04-30 16:37:49.030 -03:00 [INF] HTTP GET /api/usuarios responded 200 in 1.2906 ms
2026-04-30 16:37:50.299 -03:00 [INF] HTTP GET /api/rotas responded 200 in 1.1120 ms
2026-04-30 16:37:53.239 -03:00 [INF] HTTP DELETE /api/rotas/112c7cb8-b840-4bed-8e01-a1cc69a75c2d responded 204 in 16.8054 ms
2026-04-30 16:37:53.243 -03:00 [INF] HTTP GET /api/rotas responded 200 in 0.5990 ms
2026-04-30 16:37:56.584 -03:00 [INF] HTTP DELETE /api/rotas/ce220b99-8ba3-4085-ae83-fee098cb2f4b responded 204 in 16.3276 ms
2026-04-30 16:37:56.590 -03:00 [INF] HTTP GET /api/rotas responded 200 in 1.1285 ms
2026-04-30 16:37:59.179 -03:00 [INF] HTTP DELETE /api/rotas/eb662381-42e5-4903-81a4-1fdad387b585 responded 204 in 5.2320 ms
2026-04-30 16:37:59.185 -03:00 [INF] HTTP GET /api/rotas responded 200 in 1.2157 ms
2026-04-30 16:38:05.754 -03:00 [ERR] Failed executing DbCommand (1ms) [Parameters=[@p0='?' (DbType = Guid)], CommandType='"Text"', CommandTimeout='30']
DELETE FROM "Rotas"
WHERE "Id" = @p0
RETURNING 1;
2026-04-30 16:38:05.756 -03:00 [ERR] An exception occurred in the database while saving changes for context type 'CaronaAlvinegra.Infrastructure.Data.AppDbContext'.
Microsoft.EntityFrameworkCore.DbUpdateException: An error occurred while saving the entity changes. See the inner exception for details.
 ---> Microsoft.Data.Sqlite.SqliteException (0x80004005): SQLite Error 19: 'FOREIGN KEY constraint failed'.
   at Microsoft.Data.Sqlite.SqliteException.ThrowExceptionForRC(Int32 rc, sqlite3 db)
   at Microsoft.Data.Sqlite.SqliteDataReader.NextResult()
   at Microsoft.Data.Sqlite.SqliteCommand.ExecuteReader(CommandBehavior behavior)
   at Microsoft.Data.Sqlite.SqliteCommand.ExecuteDbDataReaderAsync(CommandBehavior behavior, CancellationToken cancellationToken)
   at Microsoft.EntityFrameworkCore.Storage.RelationalCommand.ExecuteReaderAsync(RelationalCommandParameterObject parameterObject, CancellationToken cancellationToken)
   at Microsoft.EntityFrameworkCore.Storage.RelationalCommand.ExecuteReaderAsync(RelationalCommandParameterObject parameterObject, CancellationToken cancellationToken)
   at Microsoft.EntityFrameworkCore.Update.ReaderModificationCommandBatch.ExecuteAsync(IRelationalConnection connection, CancellationToken cancellationToken)
   --- End of inner exception stack trace ---
   at Microsoft.EntityFrameworkCore.Update.ReaderModificationCommandBatch.ExecuteAsync(IRelationalConnection connection, CancellationToken cancellationToken)
   at Microsoft.EntityFrameworkCore.Update.Internal.BatchExecutor.ExecuteAsync(IEnumerable`1 commandBatches, IRelationalConnection connection, CancellationToken cancellationToken)
   at Microsoft.EntityFrameworkCore.Update.Internal.BatchExecutor.ExecuteAsync(IEnumerable`1 commandBatches, IRelationalConnection connection, CancellationToken cancellationToken)
   at Microsoft.EntityFrameworkCore.Update.Internal.BatchExecutor.ExecuteAsync(IEnumerable`1 commandBatches, IRelationalConnection connection, CancellationToken cancellationToken)
   at Microsoft.EntityFrameworkCore.Storage.RelationalDatabase.SaveChangesAsync(IList`1 entries, CancellationToken cancellationToken)
   at Microsoft.EntityFrameworkCore.ChangeTracking.Internal.StateManager.SaveChangesAsync(IList`1 entriesToSave, CancellationToken cancellationToken)
   at Microsoft.EntityFrameworkCore.ChangeTracking.Internal.StateManager.SaveChangesAsync(StateManager stateManager, Boolean acceptAllChangesOnSuccess, CancellationToken cancellationToken)
   at Microsoft.EntityFrameworkCore.DbContext.SaveChangesAsync(Boolean acceptAllChangesOnSuccess, CancellationToken cancellationToken)
Microsoft.EntityFrameworkCore.DbUpdateException: An error occurred while saving the entity changes. See the inner exception for details.
 ---> Microsoft.Data.Sqlite.SqliteException (0x80004005): SQLite Error 19: 'FOREIGN KEY constraint failed'.
   at Microsoft.Data.Sqlite.SqliteException.ThrowExceptionForRC(Int32 rc, sqlite3 db)
   at Microsoft.Data.Sqlite.SqliteDataReader.NextResult()
   at Microsoft.Data.Sqlite.SqliteCommand.ExecuteReader(CommandBehavior behavior)
   at Microsoft.Data.Sqlite.SqliteCommand.ExecuteDbDataReaderAsync(CommandBehavior behavior, CancellationToken cancellationToken)
   at Microsoft.EntityFrameworkCore.Storage.RelationalCommand.ExecuteReaderAsync(RelationalCommandParameterObject parameterObject, CancellationToken cancellationToken)
   at Microsoft.EntityFrameworkCore.Storage.RelationalCommand.ExecuteReaderAsync(RelationalCommandParameterObject parameterObject, CancellationToken cancellationToken)
   at Microsoft.EntityFrameworkCore.Update.ReaderModificationCommandBatch.ExecuteAsync(IRelationalConnection connection, CancellationToken cancellationToken)
   --- End of inner exception stack trace ---
   at Microsoft.EntityFrameworkCore.Update.ReaderModificationCommandBatch.ExecuteAsync(IRelationalConnection connection, CancellationToken cancellationToken)
   at Microsoft.EntityFrameworkCore.Update.Internal.BatchExecutor.ExecuteAsync(IEnumerable`1 commandBatches, IRelationalConnection connection, CancellationToken cancellationToken)
   at Microsoft.EntityFrameworkCore.Update.Internal.BatchExecutor.ExecuteAsync(IEnumerable`1 commandBatches, IRelationalConnection connection, CancellationToken cancellationToken)
   at Microsoft.EntityFrameworkCore.Update.Internal.BatchExecutor.ExecuteAsync(IEnumerable`1 commandBatches, IRelationalConnection connection, CancellationToken cancellationToken)
   at Microsoft.EntityFrameworkCore.Storage.RelationalDatabase.SaveChangesAsync(IList`1 entries, CancellationToken cancellationToken)
   at Microsoft.EntityFrameworkCore.ChangeTracking.Internal.StateManager.SaveChangesAsync(IList`1 entriesToSave, CancellationToken cancellationToken)
   at Microsoft.EntityFrameworkCore.ChangeTracking.Internal.StateManager.SaveChangesAsync(StateManager stateManager, Boolean acceptAllChangesOnSuccess, CancellationToken cancellationToken)
   at Microsoft.EntityFrameworkCore.DbContext.SaveChangesAsync(Boolean acceptAllChangesOnSuccess, CancellationToken cancellationToken)
2026-04-30 16:38:05.760 -03:00 [ERR] HTTP DELETE /api/rotas/2b33b314-405f-42e0-8cb9-09d19483f84b responded 500 in 10.0382 ms
Microsoft.EntityFrameworkCore.DbUpdateException: An error occurred while saving the entity changes. See the inner exception for details.
 ---> Microsoft.Data.Sqlite.SqliteException (0x80004005): SQLite Error 19: 'FOREIGN KEY constraint failed'.
   at Microsoft.Data.Sqlite.SqliteException.ThrowExceptionForRC(Int32 rc, sqlite3 db)
   at Microsoft.Data.Sqlite.SqliteDataReader.NextResult()
   at Microsoft.Data.Sqlite.SqliteCommand.ExecuteReader(CommandBehavior behavior)
   at Microsoft.Data.Sqlite.SqliteCommand.ExecuteDbDataReaderAsync(CommandBehavior behavior, CancellationToken cancellationToken)
   at Microsoft.EntityFrameworkCore.Storage.RelationalCommand.ExecuteReaderAsync(RelationalCommandParameterObject parameterObject, CancellationToken cancellationToken)
   at Microsoft.EntityFrameworkCore.Storage.RelationalCommand.ExecuteReaderAsync(RelationalCommandParameterObject parameterObject, CancellationToken cancellationToken)
   at Microsoft.EntityFrameworkCore.Update.ReaderModificationCommandBatch.ExecuteAsync(IRelationalConnection connection, CancellationToken cancellationToken)
   --- End of inner exception stack trace ---
   at Microsoft.EntityFrameworkCore.Update.ReaderModificationCommandBatch.ExecuteAsync(IRelationalConnection connection, CancellationToken cancellationToken)
   at Microsoft.EntityFrameworkCore.Update.Internal.BatchExecutor.ExecuteAsync(IEnumerable`1 commandBatches, IRelationalConnection connection, CancellationToken cancellationToken)
   at Microsoft.EntityFrameworkCore.Update.Internal.BatchExecutor.ExecuteAsync(IEnumerable`1 commandBatches, IRelationalConnection connection, CancellationToken cancellationToken)
   at Microsoft.EntityFrameworkCore.Update.Internal.BatchExecutor.ExecuteAsync(IEnumerable`1 commandBatches, IRelationalConnection connection, CancellationToken cancellationToken)
   at Microsoft.EntityFrameworkCore.Storage.RelationalDatabase.SaveChangesAsync(IList`1 entries, CancellationToken cancellationToken)
   at Microsoft.EntityFrameworkCore.ChangeTracking.Internal.StateManager.SaveChangesAsync(IList`1 entriesToSave, CancellationToken cancellationToken)
   at Microsoft.EntityFrameworkCore.ChangeTracking.Internal.StateManager.SaveChangesAsync(StateManager stateManager, Boolean acceptAllChangesOnSuccess, CancellationToken cancellationToken)
   at Microsoft.EntityFrameworkCore.DbContext.SaveChangesAsync(Boolean acceptAllChangesOnSuccess, CancellationToken cancellationToken)
   at Microsoft.EntityFrameworkCore.DbContext.SaveChangesAsync(Boolean acceptAllChangesOnSuccess, CancellationToken cancellationToken)
   at CaronaAlvinegra.Infrastructure.Repositories.UnitOfWork.CommitAsync(CancellationToken cancellationToken)
   at CaronaAlvinegra.Application.Services.RotaAppService.RemoverAsync(Guid id, CancellationToken ct)
   at CaronaAlvinegra.Api.Endpoints.RotaEndpoints.<>c.<<MapRotaEndpoints>b__0_3>d.MoveNext() in c:\Users\dudsl\Documents\GitHub\sistema-organizacao-vans\src\CaronaAlvinegra.Api\Endpoints\RotaEndpoints.cs:line 38
--- End of stack trace from previous location ---
   at Microsoft.AspNetCore.Http.RequestDelegateFactory.ExecuteTaskResult[T](Task`1 task, HttpContext httpContext)
   at Swashbuckle.AspNetCore.SwaggerUI.SwaggerUIMiddleware.Invoke(HttpContext httpContext)
   at Swashbuckle.AspNetCore.Swagger.SwaggerMiddleware.Invoke(HttpContext httpContext, ISwaggerProvider swaggerProvider)
   at Serilog.AspNetCore.RequestLoggingMiddleware.Invoke(HttpContext httpContext)
2026-04-30 16:38:05.763 -03:00 [ERR] Unhandled exception
Microsoft.EntityFrameworkCore.DbUpdateException: An error occurred while saving the entity changes. See the inner exception for details.
 ---> Microsoft.Data.Sqlite.SqliteException (0x80004005): SQLite Error 19: 'FOREIGN KEY constraint failed'.
   at Microsoft.Data.Sqlite.SqliteException.ThrowExceptionForRC(Int32 rc, sqlite3 db)
   at Microsoft.Data.Sqlite.SqliteDataReader.NextResult()
   at Microsoft.Data.Sqlite.SqliteCommand.ExecuteReader(CommandBehavior behavior)
   at Microsoft.Data.Sqlite.SqliteCommand.ExecuteDbDataReaderAsync(CommandBehavior behavior, CancellationToken cancellationToken)
   at Microsoft.EntityFrameworkCore.Storage.RelationalCommand.ExecuteReaderAsync(RelationalCommandParameterObject parameterObject, CancellationToken cancellationToken)
   at Microsoft.EntityFrameworkCore.Storage.RelationalCommand.ExecuteReaderAsync(RelationalCommandParameterObject parameterObject, CancellationToken cancellationToken)
   at Microsoft.EntityFrameworkCore.Update.ReaderModificationCommandBatch.ExecuteAsync(IRelationalConnection connection, CancellationToken cancellationToken)
   --- End of inner exception stack trace ---
   at Microsoft.EntityFrameworkCore.Update.ReaderModificationCommandBatch.ExecuteAsync(IRelationalConnection connection, CancellationToken cancellationToken)
   at Microsoft.EntityFrameworkCore.Update.Internal.BatchExecutor.ExecuteAsync(IEnumerable`1 commandBatches, IRelationalConnection connection, CancellationToken cancellationToken)
   at Microsoft.EntityFrameworkCore.Update.Internal.BatchExecutor.ExecuteAsync(IEnumerable`1 commandBatches, IRelationalConnection connection, CancellationToken cancellationToken)
   at Microsoft.EntityFrameworkCore.Update.Internal.BatchExecutor.ExecuteAsync(IEnumerable`1 commandBatches, IRelationalConnection connection, CancellationToken cancellationToken)
   at Microsoft.EntityFrameworkCore.Storage.RelationalDatabase.SaveChangesAsync(IList`1 entries, CancellationToken cancellationToken)
   at Microsoft.EntityFrameworkCore.ChangeTracking.Internal.StateManager.SaveChangesAsync(IList`1 entriesToSave, CancellationToken cancellationToken)
   at Microsoft.EntityFrameworkCore.ChangeTracking.Internal.StateManager.SaveChangesAsync(StateManager stateManager, Boolean acceptAllChangesOnSuccess, CancellationToken cancellationToken)
   at Microsoft.EntityFrameworkCore.DbContext.SaveChangesAsync(Boolean acceptAllChangesOnSuccess, CancellationToken cancellationToken)
   at Microsoft.EntityFrameworkCore.DbContext.SaveChangesAsync(Boolean acceptAllChangesOnSuccess, CancellationToken cancellationToken)
   at CaronaAlvinegra.Infrastructure.Repositories.UnitOfWork.CommitAsync(CancellationToken cancellationToken)
   at CaronaAlvinegra.Application.Services.RotaAppService.RemoverAsync(Guid id, CancellationToken ct)
   at CaronaAlvinegra.Api.Endpoints.RotaEndpoints.<>c.<<MapRotaEndpoints>b__0_3>d.MoveNext() in c:\Users\dudsl\Documents\GitHub\sistema-organizacao-vans\src\CaronaAlvinegra.Api\Endpoints\RotaEndpoints.cs:line 38
--- End of stack trace from previous location ---
   at Microsoft.AspNetCore.Http.RequestDelegateFactory.ExecuteTaskResult[T](Task`1 task, HttpContext httpContext)
   at Swashbuckle.AspNetCore.SwaggerUI.SwaggerUIMiddleware.Invoke(HttpContext httpContext)
   at Swashbuckle.AspNetCore.Swagger.SwaggerMiddleware.Invoke(HttpContext httpContext, ISwaggerProvider swaggerProvider)
   at Serilog.AspNetCore.RequestLoggingMiddleware.Invoke(HttpContext httpContext)
   at CaronaAlvinegra.Api.Middleware.ExceptionHandlingMiddleware.InvokeAsync(HttpContext context) in c:\Users\dudsl\Documents\GitHub\sistema-organizacao-vans\src\CaronaAlvinegra.Api\Middleware\ExceptionHandlingMiddleware.cs:line 22
2026-04-30 16:38:09.137 -03:00 [ERR] Failed executing DbCommand (0ms) [Parameters=[@p0='?' (DbType = Guid)], CommandType='"Text"', CommandTimeout='30']
DELETE FROM "Rotas"
WHERE "Id" = @p0
RETURNING 1;
2026-04-30 16:38:09.139 -03:00 [ERR] An exception occurred in the database while saving changes for context type 'CaronaAlvinegra.Infrastructure.Data.AppDbContext'.
Microsoft.EntityFrameworkCore.DbUpdateException: An error occurred while saving the entity changes. See the inner exception for details.
 ---> Microsoft.Data.Sqlite.SqliteException (0x80004005): SQLite Error 19: 'FOREIGN KEY constraint failed'.
   at Microsoft.Data.Sqlite.SqliteException.ThrowExceptionForRC(Int32 rc, sqlite3 db)
   at Microsoft.Data.Sqlite.SqliteDataReader.NextResult()
   at Microsoft.Data.Sqlite.SqliteCommand.ExecuteReader(CommandBehavior behavior)
   at Microsoft.Data.Sqlite.SqliteCommand.ExecuteDbDataReaderAsync(CommandBehavior behavior, CancellationToken cancellationToken)
   at Microsoft.EntityFrameworkCore.Storage.RelationalCommand.ExecuteReaderAsync(RelationalCommandParameterObject parameterObject, CancellationToken cancellationToken)
   at Microsoft.EntityFrameworkCore.Storage.RelationalCommand.ExecuteReaderAsync(RelationalCommandParameterObject parameterObject, CancellationToken cancellationToken)
   at Microsoft.EntityFrameworkCore.Update.ReaderModificationCommandBatch.ExecuteAsync(IRelationalConnection connection, CancellationToken cancellationToken)
   --- End of inner exception stack trace ---
   at Microsoft.EntityFrameworkCore.Update.ReaderModificationCommandBatch.ExecuteAsync(IRelationalConnection connection, CancellationToken cancellationToken)
   at Microsoft.EntityFrameworkCore.Update.Internal.BatchExecutor.ExecuteAsync(IEnumerable`1 commandBatches, IRelationalConnection connection, CancellationToken cancellationToken)
   at Microsoft.EntityFrameworkCore.Update.Internal.BatchExecutor.ExecuteAsync(IEnumerable`1 commandBatches, IRelationalConnection connection, CancellationToken cancellationToken)
   at Microsoft.EntityFrameworkCore.Update.Internal.BatchExecutor.ExecuteAsync(IEnumerable`1 commandBatches, IRelationalConnection connection, CancellationToken cancellationToken)
   at Microsoft.EntityFrameworkCore.Storage.RelationalDatabase.SaveChangesAsync(IList`1 entries, CancellationToken cancellationToken)
   at Microsoft.EntityFrameworkCore.ChangeTracking.Internal.StateManager.SaveChangesAsync(IList`1 entriesToSave, CancellationToken cancellationToken)
   at Microsoft.EntityFrameworkCore.ChangeTracking.Internal.StateManager.SaveChangesAsync(StateManager stateManager, Boolean acceptAllChangesOnSuccess, CancellationToken cancellationToken)
   at Microsoft.EntityFrameworkCore.DbContext.SaveChangesAsync(Boolean acceptAllChangesOnSuccess, CancellationToken cancellationToken)
Microsoft.EntityFrameworkCore.DbUpdateException: An error occurred while saving the entity changes. See the inner exception for details.
 ---> Microsoft.Data.Sqlite.SqliteException (0x80004005): SQLite Error 19: 'FOREIGN KEY constraint failed'.
   at Microsoft.Data.Sqlite.SqliteException.ThrowExceptionForRC(Int32 rc, sqlite3 db)
   at Microsoft.Data.Sqlite.SqliteDataReader.NextResult()
   at Microsoft.Data.Sqlite.SqliteCommand.ExecuteReader(CommandBehavior behavior)
   at Microsoft.Data.Sqlite.SqliteCommand.ExecuteDbDataReaderAsync(CommandBehavior behavior, CancellationToken cancellationToken)
   at Microsoft.EntityFrameworkCore.Storage.RelationalCommand.ExecuteReaderAsync(RelationalCommandParameterObject parameterObject, CancellationToken cancellationToken)
   at Microsoft.EntityFrameworkCore.Storage.RelationalCommand.ExecuteReaderAsync(RelationalCommandParameterObject parameterObject, CancellationToken cancellationToken)
   at Microsoft.EntityFrameworkCore.Update.ReaderModificationCommandBatch.ExecuteAsync(IRelationalConnection connection, CancellationToken cancellationToken)
   --- End of inner exception stack trace ---
   at Microsoft.EntityFrameworkCore.Update.ReaderModificationCommandBatch.ExecuteAsync(IRelationalConnection connection, CancellationToken cancellationToken)
   at Microsoft.EntityFrameworkCore.Update.Internal.BatchExecutor.ExecuteAsync(IEnumerable`1 commandBatches, IRelationalConnection connection, CancellationToken cancellationToken)
   at Microsoft.EntityFrameworkCore.Update.Internal.BatchExecutor.ExecuteAsync(IEnumerable`1 commandBatches, IRelationalConnection connection, CancellationToken cancellationToken)
   at Microsoft.EntityFrameworkCore.Update.Internal.BatchExecutor.ExecuteAsync(IEnumerable`1 commandBatches, IRelationalConnection connection, CancellationToken cancellationToken)
   at Microsoft.EntityFrameworkCore.Storage.RelationalDatabase.SaveChangesAsync(IList`1 entries, CancellationToken cancellationToken)
   at Microsoft.EntityFrameworkCore.ChangeTracking.Internal.StateManager.SaveChangesAsync(IList`1 entriesToSave, CancellationToken cancellationToken)
   at Microsoft.EntityFrameworkCore.ChangeTracking.Internal.StateManager.SaveChangesAsync(StateManager stateManager, Boolean acceptAllChangesOnSuccess, CancellationToken cancellationToken)
   at Microsoft.EntityFrameworkCore.DbContext.SaveChangesAsync(Boolean acceptAllChangesOnSuccess, CancellationToken cancellationToken)
2026-04-30 16:38:09.143 -03:00 [ERR] HTTP DELETE /api/rotas/2b33b314-405f-42e0-8cb9-09d19483f84b responded 500 in 9.8945 ms
Microsoft.EntityFrameworkCore.DbUpdateException: An error occurred while saving the entity changes. See the inner exception for details.
 ---> Microsoft.Data.Sqlite.SqliteException (0x80004005): SQLite Error 19: 'FOREIGN KEY constraint failed'.
   at Microsoft.Data.Sqlite.SqliteException.ThrowExceptionForRC(Int32 rc, sqlite3 db)
   at Microsoft.Data.Sqlite.SqliteDataReader.NextResult()
   at Microsoft.Data.Sqlite.SqliteCommand.ExecuteReader(CommandBehavior behavior)
   at Microsoft.Data.Sqlite.SqliteCommand.ExecuteDbDataReaderAsync(CommandBehavior behavior, CancellationToken cancellationToken)
   at Microsoft.EntityFrameworkCore.Storage.RelationalCommand.ExecuteReaderAsync(RelationalCommandParameterObject parameterObject, CancellationToken cancellationToken)
   at Microsoft.EntityFrameworkCore.Storage.RelationalCommand.ExecuteReaderAsync(RelationalCommandParameterObject parameterObject, CancellationToken cancellationToken)
   at Microsoft.EntityFrameworkCore.Update.ReaderModificationCommandBatch.ExecuteAsync(IRelationalConnection connection, CancellationToken cancellationToken)
   --- End of inner exception stack trace ---
   at Microsoft.EntityFrameworkCore.Update.ReaderModificationCommandBatch.ExecuteAsync(IRelationalConnection connection, CancellationToken cancellationToken)
   at Microsoft.EntityFrameworkCore.Update.Internal.BatchExecutor.ExecuteAsync(IEnumerable`1 commandBatches, IRelationalConnection connection, CancellationToken cancellationToken)
   at Microsoft.EntityFrameworkCore.Update.Internal.BatchExecutor.ExecuteAsync(IEnumerable`1 commandBatches, IRelationalConnection connection, CancellationToken cancellationToken)
   at Microsoft.EntityFrameworkCore.Update.Internal.BatchExecutor.ExecuteAsync(IEnumerable`1 commandBatches, IRelationalConnection connection, CancellationToken cancellationToken)
   at Microsoft.EntityFrameworkCore.Storage.RelationalDatabase.SaveChangesAsync(IList`1 entries, CancellationToken cancellationToken)
   at Microsoft.EntityFrameworkCore.ChangeTracking.Internal.StateManager.SaveChangesAsync(IList`1 entriesToSave, CancellationToken cancellationToken)
   at Microsoft.EntityFrameworkCore.ChangeTracking.Internal.StateManager.SaveChangesAsync(StateManager stateManager, Boolean acceptAllChangesOnSuccess, CancellationToken cancellationToken)
   at Microsoft.EntityFrameworkCore.DbContext.SaveChangesAsync(Boolean acceptAllChangesOnSuccess, CancellationToken cancellationToken)
   at Microsoft.EntityFrameworkCore.DbContext.SaveChangesAsync(Boolean acceptAllChangesOnSuccess, CancellationToken cancellationToken)
   at CaronaAlvinegra.Infrastructure.Repositories.UnitOfWork.CommitAsync(CancellationToken cancellationToken)
   at CaronaAlvinegra.Application.Services.RotaAppService.RemoverAsync(Guid id, CancellationToken ct)
   at CaronaAlvinegra.Api.Endpoints.RotaEndpoints.<>c.<<MapRotaEndpoints>b__0_3>d.MoveNext() in c:\Users\dudsl\Documents\GitHub\sistema-organizacao-vans\src\CaronaAlvinegra.Api\Endpoints\RotaEndpoints.cs:line 38
--- End of stack trace from previous location ---
   at Microsoft.AspNetCore.Http.RequestDelegateFactory.ExecuteTaskResult[T](Task`1 task, HttpContext httpContext)
   at Swashbuckle.AspNetCore.SwaggerUI.SwaggerUIMiddleware.Invoke(HttpContext httpContext)
   at Swashbuckle.AspNetCore.Swagger.SwaggerMiddleware.Invoke(HttpContext httpContext, ISwaggerProvider swaggerProvider)
   at Serilog.AspNetCore.RequestLoggingMiddleware.Invoke(HttpContext httpContext)
2026-04-30 16:38:09.147 -03:00 [ERR] Unhandled exception
Microsoft.EntityFrameworkCore.DbUpdateException: An error occurred while saving the entity changes. See the inner exception for details.
 ---> Microsoft.Data.Sqlite.SqliteException (0x80004005): SQLite Error 19: 'FOREIGN KEY constraint failed'.
   at Microsoft.Data.Sqlite.SqliteException.ThrowExceptionForRC(Int32 rc, sqlite3 db)
   at Microsoft.Data.Sqlite.SqliteDataReader.NextResult()
   at Microsoft.Data.Sqlite.SqliteCommand.ExecuteReader(CommandBehavior behavior)
   at Microsoft.Data.Sqlite.SqliteCommand.ExecuteDbDataReaderAsync(CommandBehavior behavior, CancellationToken cancellationToken)
   at Microsoft.EntityFrameworkCore.Storage.RelationalCommand.ExecuteReaderAsync(RelationalCommandParameterObject parameterObject, CancellationToken cancellationToken)
   at Microsoft.EntityFrameworkCore.Storage.RelationalCommand.ExecuteReaderAsync(RelationalCommandParameterObject parameterObject, CancellationToken cancellationToken)
   at Microsoft.EntityFrameworkCore.Update.ReaderModificationCommandBatch.ExecuteAsync(IRelationalConnection connection, CancellationToken cancellationToken)
   --- End of inner exception stack trace ---
   at Microsoft.EntityFrameworkCore.Update.ReaderModificationCommandBatch.ExecuteAsync(IRelationalConnection connection, CancellationToken cancellationToken)
   at Microsoft.EntityFrameworkCore.Update.Internal.BatchExecutor.ExecuteAsync(IEnumerable`1 commandBatches, IRelationalConnection connection, CancellationToken cancellationToken)
   at Microsoft.EntityFrameworkCore.Update.Internal.BatchExecutor.ExecuteAsync(IEnumerable`1 commandBatches, IRelationalConnection connection, CancellationToken cancellationToken)
   at Microsoft.EntityFrameworkCore.Update.Internal.BatchExecutor.ExecuteAsync(IEnumerable`1 commandBatches, IRelationalConnection connection, CancellationToken cancellationToken)
   at Microsoft.EntityFrameworkCore.Storage.RelationalDatabase.SaveChangesAsync(IList`1 entries, CancellationToken cancellationToken)
   at Microsoft.EntityFrameworkCore.ChangeTracking.Internal.StateManager.SaveChangesAsync(IList`1 entriesToSave, CancellationToken cancellationToken)
   at Microsoft.EntityFrameworkCore.ChangeTracking.Internal.StateManager.SaveChangesAsync(StateManager stateManager, Boolean acceptAllChangesOnSuccess, CancellationToken cancellationToken)
   at Microsoft.EntityFrameworkCore.DbContext.SaveChangesAsync(Boolean acceptAllChangesOnSuccess, CancellationToken cancellationToken)
   at Microsoft.EntityFrameworkCore.DbContext.SaveChangesAsync(Boolean acceptAllChangesOnSuccess, CancellationToken cancellationToken)
   at CaronaAlvinegra.Infrastructure.Repositories.UnitOfWork.CommitAsync(CancellationToken cancellationToken)
   at CaronaAlvinegra.Application.Services.RotaAppService.RemoverAsync(Guid id, CancellationToken ct)
   at CaronaAlvinegra.Api.Endpoints.RotaEndpoints.<>c.<<MapRotaEndpoints>b__0_3>d.MoveNext() in c:\Users\dudsl\Documents\GitHub\sistema-organizacao-vans\src\CaronaAlvinegra.Api\Endpoints\RotaEndpoints.cs:line 38
--- End of stack trace from previous location ---
   at Microsoft.AspNetCore.Http.RequestDelegateFactory.ExecuteTaskResult[T](Task`1 task, HttpContext httpContext)
   at Swashbuckle.AspNetCore.SwaggerUI.SwaggerUIMiddleware.Invoke(HttpContext httpContext)
   at Swashbuckle.AspNetCore.Swagger.SwaggerMiddleware.Invoke(HttpContext httpContext, ISwaggerProvider swaggerProvider)
   at Serilog.AspNetCore.RequestLoggingMiddleware.Invoke(HttpContext httpContext)
   at CaronaAlvinegra.Api.Middleware.ExceptionHandlingMiddleware.InvokeAsync(HttpContext context) in c:\Users\dudsl\Documents\GitHub\sistema-organizacao-vans\src\CaronaAlvinegra.Api\Middleware\ExceptionHandlingMiddleware.cs:line 22
2026-04-30 16:38:50.213 -03:00 [INF] HTTP POST /api/rotas responded 201 in 58.7004 ms
2026-04-30 16:38:50.218 -03:00 [INF] HTTP GET /api/rotas responded 200 in 0.6738 ms
2026-04-30 16:38:52.869 -03:00 [ERR] Failed executing DbCommand (0ms) [Parameters=[@p0='?' (DbType = Guid)], CommandType='"Text"', CommandTimeout='30']
DELETE FROM "Rotas"
WHERE "Id" = @p0
RETURNING 1;
2026-04-30 16:38:52.871 -03:00 [ERR] An exception occurred in the database while saving changes for context type 'CaronaAlvinegra.Infrastructure.Data.AppDbContext'.
Microsoft.EntityFrameworkCore.DbUpdateException: An error occurred while saving the entity changes. See the inner exception for details.
 ---> Microsoft.Data.Sqlite.SqliteException (0x80004005): SQLite Error 19: 'FOREIGN KEY constraint failed'.
   at Microsoft.Data.Sqlite.SqliteException.ThrowExceptionForRC(Int32 rc, sqlite3 db)
   at Microsoft.Data.Sqlite.SqliteDataReader.NextResult()
   at Microsoft.Data.Sqlite.SqliteCommand.ExecuteReader(CommandBehavior behavior)
   at Microsoft.Data.Sqlite.SqliteCommand.ExecuteDbDataReaderAsync(CommandBehavior behavior, CancellationToken cancellationToken)
   at Microsoft.EntityFrameworkCore.Storage.RelationalCommand.ExecuteReaderAsync(RelationalCommandParameterObject parameterObject, CancellationToken cancellationToken)
   at Microsoft.EntityFrameworkCore.Storage.RelationalCommand.ExecuteReaderAsync(RelationalCommandParameterObject parameterObject, CancellationToken cancellationToken)
   at Microsoft.EntityFrameworkCore.Update.ReaderModificationCommandBatch.ExecuteAsync(IRelationalConnection connection, CancellationToken cancellationToken)
   --- End of inner exception stack trace ---
   at Microsoft.EntityFrameworkCore.Update.ReaderModificationCommandBatch.ExecuteAsync(IRelationalConnection connection, CancellationToken cancellationToken)
   at Microsoft.EntityFrameworkCore.Update.Internal.BatchExecutor.ExecuteAsync(IEnumerable`1 commandBatches, IRelationalConnection connection, CancellationToken cancellationToken)
   at Microsoft.EntityFrameworkCore.Update.Internal.BatchExecutor.ExecuteAsync(IEnumerable`1 commandBatches, IRelationalConnection connection, CancellationToken cancellationToken)
   at Microsoft.EntityFrameworkCore.Update.Internal.BatchExecutor.ExecuteAsync(IEnumerable`1 commandBatches, IRelationalConnection connection, CancellationToken cancellationToken)
   at Microsoft.EntityFrameworkCore.Storage.RelationalDatabase.SaveChangesAsync(IList`1 entries, CancellationToken cancellationToken)
   at Microsoft.EntityFrameworkCore.ChangeTracking.Internal.StateManager.SaveChangesAsync(IList`1 entriesToSave, CancellationToken cancellationToken)
   at Microsoft.EntityFrameworkCore.ChangeTracking.Internal.StateManager.SaveChangesAsync(StateManager stateManager, Boolean acceptAllChangesOnSuccess, CancellationToken cancellationToken)
   at Microsoft.EntityFrameworkCore.DbContext.SaveChangesAsync(Boolean acceptAllChangesOnSuccess, CancellationToken cancellationToken)
Microsoft.EntityFrameworkCore.DbUpdateException: An error occurred while saving the entity changes. See the inner exception for details.
 ---> Microsoft.Data.Sqlite.SqliteException (0x80004005): SQLite Error 19: 'FOREIGN KEY constraint failed'.
   at Microsoft.Data.Sqlite.SqliteException.ThrowExceptionForRC(Int32 rc, sqlite3 db)
   at Microsoft.Data.Sqlite.SqliteDataReader.NextResult()
   at Microsoft.Data.Sqlite.SqliteCommand.ExecuteReader(CommandBehavior behavior)
   at Microsoft.Data.Sqlite.SqliteCommand.ExecuteDbDataReaderAsync(CommandBehavior behavior, CancellationToken cancellationToken)
   at Microsoft.EntityFrameworkCore.Storage.RelationalCommand.ExecuteReaderAsync(RelationalCommandParameterObject parameterObject, CancellationToken cancellationToken)
   at Microsoft.EntityFrameworkCore.Storage.RelationalCommand.ExecuteReaderAsync(RelationalCommandParameterObject parameterObject, CancellationToken cancellationToken)
   at Microsoft.EntityFrameworkCore.Update.ReaderModificationCommandBatch.ExecuteAsync(IRelationalConnection connection, CancellationToken cancellationToken)
   --- End of inner exception stack trace ---
   at Microsoft.EntityFrameworkCore.Update.ReaderModificationCommandBatch.ExecuteAsync(IRelationalConnection connection, CancellationToken cancellationToken)
   at Microsoft.EntityFrameworkCore.Update.Internal.BatchExecutor.ExecuteAsync(IEnumerable`1 commandBatches, IRelationalConnection connection, CancellationToken cancellationToken)
   at Microsoft.EntityFrameworkCore.Update.Internal.BatchExecutor.ExecuteAsync(IEnumerable`1 commandBatches, IRelationalConnection connection, CancellationToken cancellationToken)
   at Microsoft.EntityFrameworkCore.Update.Internal.BatchExecutor.ExecuteAsync(IEnumerable`1 commandBatches, IRelationalConnection connection, CancellationToken cancellationToken)
   at Microsoft.EntityFrameworkCore.Storage.RelationalDatabase.SaveChangesAsync(IList`1 entries, CancellationToken cancellationToken)
   at Microsoft.EntityFrameworkCore.ChangeTracking.Internal.StateManager.SaveChangesAsync(IList`1 entriesToSave, CancellationToken cancellationToken)
   at Microsoft.EntityFrameworkCore.ChangeTracking.Internal.StateManager.SaveChangesAsync(StateManager stateManager, Boolean acceptAllChangesOnSuccess, CancellationToken cancellationToken)
   at Microsoft.EntityFrameworkCore.DbContext.SaveChangesAsync(Boolean acceptAllChangesOnSuccess, CancellationToken cancellationToken)
2026-04-30 16:38:52.874 -03:00 [ERR] HTTP DELETE /api/rotas/2b33b314-405f-42e0-8cb9-09d19483f84b responded 500 in 8.2576 ms
Microsoft.EntityFrameworkCore.DbUpdateException: An error occurred while saving the entity changes. See the inner exception for details.
 ---> Microsoft.Data.Sqlite.SqliteException (0x80004005): SQLite Error 19: 'FOREIGN KEY constraint failed'.
   at Microsoft.Data.Sqlite.SqliteException.ThrowExceptionForRC(Int32 rc, sqlite3 db)
   at Microsoft.Data.Sqlite.SqliteDataReader.NextResult()
   at Microsoft.Data.Sqlite.SqliteCommand.ExecuteReader(CommandBehavior behavior)
   at Microsoft.Data.Sqlite.SqliteCommand.ExecuteDbDataReaderAsync(CommandBehavior behavior, CancellationToken cancellationToken)
   at Microsoft.EntityFrameworkCore.Storage.RelationalCommand.ExecuteReaderAsync(RelationalCommandParameterObject parameterObject, CancellationToken cancellationToken)
   at Microsoft.EntityFrameworkCore.Storage.RelationalCommand.ExecuteReaderAsync(RelationalCommandParameterObject parameterObject, CancellationToken cancellationToken)
   at Microsoft.EntityFrameworkCore.Update.ReaderModificationCommandBatch.ExecuteAsync(IRelationalConnection connection, CancellationToken cancellationToken)
   --- End of inner exception stack trace ---
   at Microsoft.EntityFrameworkCore.Update.ReaderModificationCommandBatch.ExecuteAsync(IRelationalConnection connection, CancellationToken cancellationToken)
   at Microsoft.EntityFrameworkCore.Update.Internal.BatchExecutor.ExecuteAsync(IEnumerable`1 commandBatches, IRelationalConnection connection, CancellationToken cancellationToken)
   at Microsoft.EntityFrameworkCore.Update.Internal.BatchExecutor.ExecuteAsync(IEnumerable`1 commandBatches, IRelationalConnection connection, CancellationToken cancellationToken)
   at Microsoft.EntityFrameworkCore.Update.Internal.BatchExecutor.ExecuteAsync(IEnumerable`1 commandBatches, IRelationalConnection connection, CancellationToken cancellationToken)
   at Microsoft.EntityFrameworkCore.Storage.RelationalDatabase.SaveChangesAsync(IList`1 entries, CancellationToken cancellationToken)
   at Microsoft.EntityFrameworkCore.ChangeTracking.Internal.StateManager.SaveChangesAsync(IList`1 entriesToSave, CancellationToken cancellationToken)
   at Microsoft.EntityFrameworkCore.ChangeTracking.Internal.StateManager.SaveChangesAsync(StateManager stateManager, Boolean acceptAllChangesOnSuccess, CancellationToken cancellationToken)
   at Microsoft.EntityFrameworkCore.DbContext.SaveChangesAsync(Boolean acceptAllChangesOnSuccess, CancellationToken cancellationToken)
   at Microsoft.EntityFrameworkCore.DbContext.SaveChangesAsync(Boolean acceptAllChangesOnSuccess, CancellationToken cancellationToken)
   at CaronaAlvinegra.Infrastructure.Repositories.UnitOfWork.CommitAsync(CancellationToken cancellationToken)
   at CaronaAlvinegra.Application.Services.RotaAppService.RemoverAsync(Guid id, CancellationToken ct)
   at CaronaAlvinegra.Api.Endpoints.RotaEndpoints.<>c.<<MapRotaEndpoints>b__0_3>d.MoveNext() in c:\Users\dudsl\Documents\GitHub\sistema-organizacao-vans\src\CaronaAlvinegra.Api\Endpoints\RotaEndpoints.cs:line 38
--- End of stack trace from previous location ---
   at Microsoft.AspNetCore.Http.RequestDelegateFactory.ExecuteTaskResult[T](Task`1 task, HttpContext httpContext)
   at Swashbuckle.AspNetCore.SwaggerUI.SwaggerUIMiddleware.Invoke(HttpContext httpContext)
   at Swashbuckle.AspNetCore.Swagger.SwaggerMiddleware.Invoke(HttpContext httpContext, ISwaggerProvider swaggerProvider)
   at Serilog.AspNetCore.RequestLoggingMiddleware.Invoke(HttpContext httpContext)
2026-04-30 16:38:52.877 -03:00 [ERR] Unhandled exception
Microsoft.EntityFrameworkCore.DbUpdateException: An error occurred while saving the entity changes. See the inner exception for details.
 ---> Microsoft.Data.Sqlite.SqliteException (0x80004005): SQLite Error 19: 'FOREIGN KEY constraint failed'.
   at Microsoft.Data.Sqlite.SqliteException.ThrowExceptionForRC(Int32 rc, sqlite3 db)
   at Microsoft.Data.Sqlite.SqliteDataReader.NextResult()
   at Microsoft.Data.Sqlite.SqliteCommand.ExecuteReader(CommandBehavior behavior)
   at Microsoft.Data.Sqlite.SqliteCommand.ExecuteDbDataReaderAsync(CommandBehavior behavior, CancellationToken cancellationToken)
   at Microsoft.EntityFrameworkCore.Storage.RelationalCommand.ExecuteReaderAsync(RelationalCommandParameterObject parameterObject, CancellationToken cancellationToken)
   at Microsoft.EntityFrameworkCore.Storage.RelationalCommand.ExecuteReaderAsync(RelationalCommandParameterObject parameterObject, CancellationToken cancellationToken)
   at Microsoft.EntityFrameworkCore.Update.ReaderModificationCommandBatch.ExecuteAsync(IRelationalConnection connection, CancellationToken cancellationToken)
   --- End of inner exception stack trace ---
   at Microsoft.EntityFrameworkCore.Update.ReaderModificationCommandBatch.ExecuteAsync(IRelationalConnection connection, CancellationToken cancellationToken)
   at Microsoft.EntityFrameworkCore.Update.Internal.BatchExecutor.ExecuteAsync(IEnumerable`1 commandBatches, IRelationalConnection connection, CancellationToken cancellationToken)
   at Microsoft.EntityFrameworkCore.Update.Internal.BatchExecutor.ExecuteAsync(IEnumerable`1 commandBatches, IRelationalConnection connection, CancellationToken cancellationToken)
   at Microsoft.EntityFrameworkCore.Update.Internal.BatchExecutor.ExecuteAsync(IEnumerable`1 commandBatches, IRelationalConnection connection, CancellationToken cancellationToken)
   at Microsoft.EntityFrameworkCore.Storage.RelationalDatabase.SaveChangesAsync(IList`1 entries, CancellationToken cancellationToken)
   at Microsoft.EntityFrameworkCore.ChangeTracking.Internal.StateManager.SaveChangesAsync(IList`1 entriesToSave, CancellationToken cancellationToken)
   at Microsoft.EntityFrameworkCore.ChangeTracking.Internal.StateManager.SaveChangesAsync(StateManager stateManager, Boolean acceptAllChangesOnSuccess, CancellationToken cancellationToken)
   at Microsoft.EntityFrameworkCore.DbContext.SaveChangesAsync(Boolean acceptAllChangesOnSuccess, CancellationToken cancellationToken)
   at Microsoft.EntityFrameworkCore.DbContext.SaveChangesAsync(Boolean acceptAllChangesOnSuccess, CancellationToken cancellationToken)
   at CaronaAlvinegra.Infrastructure.Repositories.UnitOfWork.CommitAsync(CancellationToken cancellationToken)
   at CaronaAlvinegra.Application.Services.RotaAppService.RemoverAsync(Guid id, CancellationToken ct)
   at CaronaAlvinegra.Api.Endpoints.RotaEndpoints.<>c.<<MapRotaEndpoints>b__0_3>d.MoveNext() in c:\Users\dudsl\Documents\GitHub\sistema-organizacao-vans\src\CaronaAlvinegra.Api\Endpoints\RotaEndpoints.cs:line 38
--- End of stack trace from previous location ---
   at Microsoft.AspNetCore.Http.RequestDelegateFactory.ExecuteTaskResult[T](Task`1 task, HttpContext httpContext)
   at Swashbuckle.AspNetCore.SwaggerUI.SwaggerUIMiddleware.Invoke(HttpContext httpContext)
   at Swashbuckle.AspNetCore.Swagger.SwaggerMiddleware.Invoke(HttpContext httpContext, ISwaggerProvider swaggerProvider)
   at Serilog.AspNetCore.RequestLoggingMiddleware.Invoke(HttpContext httpContext)
   at CaronaAlvinegra.Api.Middleware.ExceptionHandlingMiddleware.InvokeAsync(HttpContext context) in c:\Users\dudsl\Documents\GitHub\sistema-organizacao-vans\src\CaronaAlvinegra.Api\Middleware\ExceptionHandlingMiddleware.cs:line 22
2026-04-30 16:39:07.747 -03:00 [INF] HTTP POST /api/rotas responded 201 in 5.9738 ms
2026-04-30 16:39:07.755 -03:00 [INF] HTTP GET /api/rotas responded 200 in 1.0684 ms
2026-04-30 16:39:10.204 -03:00 [ERR] Failed executing DbCommand (1ms) [Parameters=[@p0='?' (DbType = Guid)], CommandType='"Text"', CommandTimeout='30']
DELETE FROM "Rotas"
WHERE "Id" = @p0
RETURNING 1;
2026-04-30 16:39:10.207 -03:00 [ERR] An exception occurred in the database while saving changes for context type 'CaronaAlvinegra.Infrastructure.Data.AppDbContext'.
Microsoft.EntityFrameworkCore.DbUpdateException: An error occurred while saving the entity changes. See the inner exception for details.
 ---> Microsoft.Data.Sqlite.SqliteException (0x80004005): SQLite Error 19: 'FOREIGN KEY constraint failed'.
   at Microsoft.Data.Sqlite.SqliteException.ThrowExceptionForRC(Int32 rc, sqlite3 db)
   at Microsoft.Data.Sqlite.SqliteDataReader.NextResult()
   at Microsoft.Data.Sqlite.SqliteCommand.ExecuteReader(CommandBehavior behavior)
   at Microsoft.Data.Sqlite.SqliteCommand.ExecuteDbDataReaderAsync(CommandBehavior behavior, CancellationToken cancellationToken)
   at Microsoft.EntityFrameworkCore.Storage.RelationalCommand.ExecuteReaderAsync(RelationalCommandParameterObject parameterObject, CancellationToken cancellationToken)
   at Microsoft.EntityFrameworkCore.Storage.RelationalCommand.ExecuteReaderAsync(RelationalCommandParameterObject parameterObject, CancellationToken cancellationToken)
   at Microsoft.EntityFrameworkCore.Update.ReaderModificationCommandBatch.ExecuteAsync(IRelationalConnection connection, CancellationToken cancellationToken)
   --- End of inner exception stack trace ---
   at Microsoft.EntityFrameworkCore.Update.ReaderModificationCommandBatch.ExecuteAsync(IRelationalConnection connection, CancellationToken cancellationToken)
   at Microsoft.EntityFrameworkCore.Update.Internal.BatchExecutor.ExecuteAsync(IEnumerable`1 commandBatches, IRelationalConnection connection, CancellationToken cancellationToken)
   at Microsoft.EntityFrameworkCore.Update.Internal.BatchExecutor.ExecuteAsync(IEnumerable`1 commandBatches, IRelationalConnection connection, CancellationToken cancellationToken)
   at Microsoft.EntityFrameworkCore.Update.Internal.BatchExecutor.ExecuteAsync(IEnumerable`1 commandBatches, IRelationalConnection connection, CancellationToken cancellationToken)
   at Microsoft.EntityFrameworkCore.Storage.RelationalDatabase.SaveChangesAsync(IList`1 entries, CancellationToken cancellationToken)
   at Microsoft.EntityFrameworkCore.ChangeTracking.Internal.StateManager.SaveChangesAsync(IList`1 entriesToSave, CancellationToken cancellationToken)
   at Microsoft.EntityFrameworkCore.ChangeTracking.Internal.StateManager.SaveChangesAsync(StateManager stateManager, Boolean acceptAllChangesOnSuccess, CancellationToken cancellationToken)
   at Microsoft.EntityFrameworkCore.DbContext.SaveChangesAsync(Boolean acceptAllChangesOnSuccess, CancellationToken cancellationToken)
Microsoft.EntityFrameworkCore.DbUpdateException: An error occurred while saving the entity changes. See the inner exception for details.
 ---> Microsoft.Data.Sqlite.SqliteException (0x80004005): SQLite Error 19: 'FOREIGN KEY constraint failed'.
   at Microsoft.Data.Sqlite.SqliteException.ThrowExceptionForRC(Int32 rc, sqlite3 db)
   at Microsoft.Data.Sqlite.SqliteDataReader.NextResult()
   at Microsoft.Data.Sqlite.SqliteCommand.ExecuteReader(CommandBehavior behavior)
   at Microsoft.Data.Sqlite.SqliteCommand.ExecuteDbDataReaderAsync(CommandBehavior behavior, CancellationToken cancellationToken)
   at Microsoft.EntityFrameworkCore.Storage.RelationalCommand.ExecuteReaderAsync(RelationalCommandParameterObject parameterObject, CancellationToken cancellationToken)
   at Microsoft.EntityFrameworkCore.Storage.RelationalCommand.ExecuteReaderAsync(RelationalCommandParameterObject parameterObject, CancellationToken cancellationToken)
   at Microsoft.EntityFrameworkCore.Update.ReaderModificationCommandBatch.ExecuteAsync(IRelationalConnection connection, CancellationToken cancellationToken)
   --- End of inner exception stack trace ---
   at Microsoft.EntityFrameworkCore.Update.ReaderModificationCommandBatch.ExecuteAsync(IRelationalConnection connection, CancellationToken cancellationToken)
   at Microsoft.EntityFrameworkCore.Update.Internal.BatchExecutor.ExecuteAsync(IEnumerable`1 commandBatches, IRelationalConnection connection, CancellationToken cancellationToken)
   at Microsoft.EntityFrameworkCore.Update.Internal.BatchExecutor.ExecuteAsync(IEnumerable`1 commandBatches, IRelationalConnection connection, CancellationToken cancellationToken)
   at Microsoft.EntityFrameworkCore.Update.Internal.BatchExecutor.ExecuteAsync(IEnumerable`1 commandBatches, IRelationalConnection connection, CancellationToken cancellationToken)
   at Microsoft.EntityFrameworkCore.Storage.RelationalDatabase.SaveChangesAsync(IList`1 entries, CancellationToken cancellationToken)
   at Microsoft.EntityFrameworkCore.ChangeTracking.Internal.StateManager.SaveChangesAsync(IList`1 entriesToSave, CancellationToken cancellationToken)
   at Microsoft.EntityFrameworkCore.ChangeTracking.Internal.StateManager.SaveChangesAsync(StateManager stateManager, Boolean acceptAllChangesOnSuccess, CancellationToken cancellationToken)
   at Microsoft.EntityFrameworkCore.DbContext.SaveChangesAsync(Boolean acceptAllChangesOnSuccess, CancellationToken cancellationToken)
2026-04-30 16:39:10.209 -03:00 [ERR] HTTP DELETE /api/rotas/2b33b314-405f-42e0-8cb9-09d19483f84b responded 500 in 9.1396 ms
Microsoft.EntityFrameworkCore.DbUpdateException: An error occurred while saving the entity changes. See the inner exception for details.
 ---> Microsoft.Data.Sqlite.SqliteException (0x80004005): SQLite Error 19: 'FOREIGN KEY constraint failed'.
   at Microsoft.Data.Sqlite.SqliteException.ThrowExceptionForRC(Int32 rc, sqlite3 db)
   at Microsoft.Data.Sqlite.SqliteDataReader.NextResult()
   at Microsoft.Data.Sqlite.SqliteCommand.ExecuteReader(CommandBehavior behavior)
   at Microsoft.Data.Sqlite.SqliteCommand.ExecuteDbDataReaderAsync(CommandBehavior behavior, CancellationToken cancellationToken)
   at Microsoft.EntityFrameworkCore.Storage.RelationalCommand.ExecuteReaderAsync(RelationalCommandParameterObject parameterObject, CancellationToken cancellationToken)
   at Microsoft.EntityFrameworkCore.Storage.RelationalCommand.ExecuteReaderAsync(RelationalCommandParameterObject parameterObject, CancellationToken cancellationToken)
   at Microsoft.EntityFrameworkCore.Update.ReaderModificationCommandBatch.ExecuteAsync(IRelationalConnection connection, CancellationToken cancellationToken)
   --- End of inner exception stack trace ---
   at Microsoft.EntityFrameworkCore.Update.ReaderModificationCommandBatch.ExecuteAsync(IRelationalConnection connection, CancellationToken cancellationToken)
   at Microsoft.EntityFrameworkCore.Update.Internal.BatchExecutor.ExecuteAsync(IEnumerable`1 commandBatches, IRelationalConnection connection, CancellationToken cancellationToken)
   at Microsoft.EntityFrameworkCore.Update.Internal.BatchExecutor.ExecuteAsync(IEnumerable`1 commandBatches, IRelationalConnection connection, CancellationToken cancellationToken)
   at Microsoft.EntityFrameworkCore.Update.Internal.BatchExecutor.ExecuteAsync(IEnumerable`1 commandBatches, IRelationalConnection connection, CancellationToken cancellationToken)
   at Microsoft.EntityFrameworkCore.Storage.RelationalDatabase.SaveChangesAsync(IList`1 entries, CancellationToken cancellationToken)
   at Microsoft.EntityFrameworkCore.ChangeTracking.Internal.StateManager.SaveChangesAsync(IList`1 entriesToSave, CancellationToken cancellationToken)
   at Microsoft.EntityFrameworkCore.ChangeTracking.Internal.StateManager.SaveChangesAsync(StateManager stateManager, Boolean acceptAllChangesOnSuccess, CancellationToken cancellationToken)
   at Microsoft.EntityFrameworkCore.DbContext.SaveChangesAsync(Boolean acceptAllChangesOnSuccess, CancellationToken cancellationToken)
   at Microsoft.EntityFrameworkCore.DbContext.SaveChangesAsync(Boolean acceptAllChangesOnSuccess, CancellationToken cancellationToken)
   at CaronaAlvinegra.Infrastructure.Repositories.UnitOfWork.CommitAsync(CancellationToken cancellationToken)
   at CaronaAlvinegra.Application.Services.RotaAppService.RemoverAsync(Guid id, CancellationToken ct)
   at CaronaAlvinegra.Api.Endpoints.RotaEndpoints.<>c.<<MapRotaEndpoints>b__0_3>d.MoveNext() in c:\Users\dudsl\Documents\GitHub\sistema-organizacao-vans\src\CaronaAlvinegra.Api\Endpoints\RotaEndpoints.cs:line 38
--- End of stack trace from previous location ---
   at Microsoft.AspNetCore.Http.RequestDelegateFactory.ExecuteTaskResult[T](Task`1 task, HttpContext httpContext)
   at Swashbuckle.AspNetCore.SwaggerUI.SwaggerUIMiddleware.Invoke(HttpContext httpContext)
   at Swashbuckle.AspNetCore.Swagger.SwaggerMiddleware.Invoke(HttpContext httpContext, ISwaggerProvider swaggerProvider)
   at Serilog.AspNetCore.RequestLoggingMiddleware.Invoke(HttpContext httpContext)
2026-04-30 16:39:10.211 -03:00 [ERR] Unhandled exception
Microsoft.EntityFrameworkCore.DbUpdateException: An error occurred while saving the entity changes. See the inner exception for details.
 ---> Microsoft.Data.Sqlite.SqliteException (0x80004005): SQLite Error 19: 'FOREIGN KEY constraint failed'.
   at Microsoft.Data.Sqlite.SqliteException.ThrowExceptionForRC(Int32 rc, sqlite3 db)
   at Microsoft.Data.Sqlite.SqliteDataReader.NextResult()
   at Microsoft.Data.Sqlite.SqliteCommand.ExecuteReader(CommandBehavior behavior)
   at Microsoft.Data.Sqlite.SqliteCommand.ExecuteDbDataReaderAsync(CommandBehavior behavior, CancellationToken cancellationToken)
   at Microsoft.EntityFrameworkCore.Storage.RelationalCommand.ExecuteReaderAsync(RelationalCommandParameterObject parameterObject, CancellationToken cancellationToken)
   at Microsoft.EntityFrameworkCore.Storage.RelationalCommand.ExecuteReaderAsync(RelationalCommandParameterObject parameterObject, CancellationToken cancellationToken)
   at Microsoft.EntityFrameworkCore.Update.ReaderModificationCommandBatch.ExecuteAsync(IRelationalConnection connection, CancellationToken cancellationToken)
   --- End of inner exception stack trace ---
   at Microsoft.EntityFrameworkCore.Update.ReaderModificationCommandBatch.ExecuteAsync(IRelationalConnection connection, CancellationToken cancellationToken)
   at Microsoft.EntityFrameworkCore.Update.Internal.BatchExecutor.ExecuteAsync(IEnumerable`1 commandBatches, IRelationalConnection connection, CancellationToken cancellationToken)
   at Microsoft.EntityFrameworkCore.Update.Internal.BatchExecutor.ExecuteAsync(IEnumerable`1 commandBatches, IRelationalConnection connection, CancellationToken cancellationToken)
   at Microsoft.EntityFrameworkCore.Update.Internal.BatchExecutor.ExecuteAsync(IEnumerable`1 commandBatches, IRelationalConnection connection, CancellationToken cancellationToken)
   at Microsoft.EntityFrameworkCore.Storage.RelationalDatabase.SaveChangesAsync(IList`1 entries, CancellationToken cancellationToken)
   at Microsoft.EntityFrameworkCore.ChangeTracking.Internal.StateManager.SaveChangesAsync(IList`1 entriesToSave, CancellationToken cancellationToken)
   at Microsoft.EntityFrameworkCore.ChangeTracking.Internal.StateManager.SaveChangesAsync(StateManager stateManager, Boolean acceptAllChangesOnSuccess, CancellationToken cancellationToken)
   at Microsoft.EntityFrameworkCore.DbContext.SaveChangesAsync(Boolean acceptAllChangesOnSuccess, CancellationToken cancellationToken)
   at Microsoft.EntityFrameworkCore.DbContext.SaveChangesAsync(Boolean acceptAllChangesOnSuccess, CancellationToken cancellationToken)
   at CaronaAlvinegra.Infrastructure.Repositories.UnitOfWork.CommitAsync(CancellationToken cancellationToken)
   at CaronaAlvinegra.Application.Services.RotaAppService.RemoverAsync(Guid id, CancellationToken ct)
   at CaronaAlvinegra.Api.Endpoints.RotaEndpoints.<>c.<<MapRotaEndpoints>b__0_3>d.MoveNext() in c:\Users\dudsl\Documents\GitHub\sistema-organizacao-vans\src\CaronaAlvinegra.Api\Endpoints\RotaEndpoints.cs:line 38
--- End of stack trace from previous location ---
   at Microsoft.AspNetCore.Http.RequestDelegateFactory.ExecuteTaskResult[T](Task`1 task, HttpContext httpContext)
   at Swashbuckle.AspNetCore.SwaggerUI.SwaggerUIMiddleware.Invoke(HttpContext httpContext)
   at Swashbuckle.AspNetCore.Swagger.SwaggerMiddleware.Invoke(HttpContext httpContext, ISwaggerProvider swaggerProvider)
   at Serilog.AspNetCore.RequestLoggingMiddleware.Invoke(HttpContext httpContext)
   at CaronaAlvinegra.Api.Middleware.ExceptionHandlingMiddleware.InvokeAsync(HttpContext context) in c:\Users\dudsl\Documents\GitHub\sistema-organizacao-vans\src\CaronaAlvinegra.Api\Middleware\ExceptionHandlingMiddleware.cs:line 22
2026-04-30 16:39:12.804 -03:00 [INF] HTTP GET /api/jogos responded 200 in 1.4504 ms
2026-04-30 16:39:12.809 -03:00 [INF] HTTP GET /api/usuarios responded 200 in 0.7199 ms
2026-04-30 16:39:12.812 -03:00 [INF] HTTP GET /api/rotas responded 200 in 0.7490 ms
2026-04-30 16:39:14.852 -03:00 [INF] HTTP GET /api/grupos responded 200 in 0.8414 ms
2026-04-30 16:39:14.852 -03:00 [INF] HTTP GET /api/usuarios responded 200 in 0.9603 ms
2026-04-30 16:39:14.852 -03:00 [INF] HTTP GET /api/rotas responded 200 in 0.7823 ms
2026-04-30 16:39:14.853 -03:00 [INF] HTTP GET /api/jogos responded 200 in 0.6644 ms
2026-04-30 16:39:17.546 -03:00 [INF] HTTP GET /api/usuarios responded 200 in 1.4855 ms
2026-04-30 16:39:17.546 -03:00 [INF] HTTP GET /api/rotas responded 200 in 1.3206 ms
2026-04-30 16:39:17.546 -03:00 [INF] HTTP GET /api/grupos responded 200 in 1.4548 ms
2026-04-30 16:39:20.893 -03:00 [INF] HTTP GET /api/grupos responded 200 in 1.3461 ms
2026-04-30 16:39:20.893 -03:00 [INF] HTTP GET /api/usuarios responded 200 in 1.4996 ms
2026-04-30 16:39:22.177 -03:00 [INF] HTTP GET /api/grupos responded 200 in 1.3382 ms
2026-04-30 16:39:22.177 -03:00 [INF] HTTP GET /api/rotas responded 200 in 1.4329 ms
2026-04-30 16:39:22.177 -03:00 [INF] HTTP GET /api/usuarios responded 200 in 1.4611 ms
2026-04-30 16:39:22.178 -03:00 [INF] HTTP GET /api/jogos responded 200 in 1.7493 ms
2026-04-30 16:39:24.018 -03:00 [INF] HTTP GET /api/jogos responded 200 in 1.2068 ms
2026-04-30 16:39:24.026 -03:00 [INF] HTTP GET /api/usuarios responded 200 in 1.4393 ms
2026-04-30 16:39:24.032 -03:00 [INF] HTTP GET /api/rotas responded 200 in 1.2144 ms
2026-04-30 16:39:50.822 -03:00 [INF] HTTP POST /api/jogos responded 201 in 39.1138 ms
2026-04-30 16:39:50.839 -03:00 [INF] HTTP GET /api/jogos responded 200 in 12.4650 ms
2026-04-30 16:39:50.843 -03:00 [INF] HTTP GET /api/usuarios responded 200 in 0.8374 ms
2026-04-30 16:39:50.846 -03:00 [INF] HTTP GET /api/rotas responded 200 in 0.6968 ms
2026-04-30 16:39:56.753 -03:00 [INF] HTTP GET /api/usuarios responded 200 in 1.1231 ms
2026-04-30 16:39:56.762 -03:00 [INF] HTTP GET /api/jogos/dfb09c9a-024d-4861-81c0-f50b28740044/presencas responded 200 in 10.8066 ms
2026-04-30 16:40:01.221 -03:00 [INF] HTTP GET /api/grupos responded 200 in 16.2501 ms
2026-04-30 16:40:01.221 -03:00 [INF] HTTP GET /api/rotas responded 200 in 16.5139 ms
2026-04-30 16:40:01.222 -03:00 [INF] HTTP GET /api/usuarios responded 200 in 16.5732 ms
2026-04-30 16:40:01.222 -03:00 [INF] HTTP GET /api/jogos responded 200 in 1.1221 ms
2026-04-30 16:40:02.702 -03:00 [INF] HTTP GET /api/grupos responded 200 in 0.6510 ms
2026-04-30 16:40:02.702 -03:00 [INF] HTTP GET /api/usuarios responded 200 in 0.9265 ms
2026-04-30 16:40:02.702 -03:00 [INF] HTTP GET /api/rotas responded 200 in 0.7813 ms
2026-04-30 16:40:14.424 -03:00 [INF] HTTP GET /api/grupos responded 200 in 0.8717 ms
2026-04-30 16:40:14.425 -03:00 [INF] HTTP GET /api/rotas responded 200 in 0.9477 ms
2026-04-30 16:40:14.425 -03:00 [INF] HTTP GET /api/usuarios responded 200 in 1.0413 ms
2026-04-30 16:40:14.425 -03:00 [INF] HTTP GET /api/jogos responded 200 in 1.1175 ms
2026-04-30 16:40:16.522 -03:00 [INF] HTTP GET /api/grupos responded 200 in 0.8991 ms
2026-04-30 16:40:16.522 -03:00 [INF] HTTP GET /api/usuarios responded 200 in 1.1130 ms
2026-04-30 16:40:16.522 -03:00 [INF] HTTP GET /api/rotas responded 200 in 1.1916 ms
2026-04-30 16:40:20.076 -03:00 [INF] HTTP DELETE /api/usuarios/0e39936a-1705-41f4-9055-67783df364fc responded 204 in 18.0246 ms
2026-04-30 16:40:20.081 -03:00 [INF] HTTP GET /api/usuarios responded 200 in 0.8534 ms
2026-04-30 16:40:20.082 -03:00 [INF] HTTP GET /api/grupos responded 200 in 0.8958 ms
2026-04-30 16:40:20.082 -03:00 [INF] HTTP GET /api/rotas responded 200 in 1.1306 ms
2026-04-30 16:40:22.006 -03:00 [INF] HTTP DELETE /api/usuarios/7d876131-4050-4d9b-b31b-5a4823fbcc85 responded 204 in 16.7364 ms
2026-04-30 16:40:22.012 -03:00 [INF] HTTP GET /api/usuarios responded 200 in 0.8216 ms
2026-04-30 16:40:22.012 -03:00 [INF] HTTP GET /api/grupos responded 200 in 0.8216 ms
2026-04-30 16:40:22.012 -03:00 [INF] HTTP GET /api/rotas responded 200 in 0.8814 ms
2026-04-30 16:40:41.543 -03:00 [INF] HTTP POST /api/usuarios responded 201 in 22.9598 ms
2026-04-30 16:40:41.548 -03:00 [INF] HTTP GET /api/grupos responded 200 in 0.8176 ms
2026-04-30 16:40:41.548 -03:00 [INF] HTTP GET /api/usuarios responded 200 in 1.1779 ms
2026-04-30 16:40:41.548 -03:00 [INF] HTTP GET /api/rotas responded 200 in 1.0346 ms
2026-04-30 16:40:43.008 -03:00 [INF] HTTP GET /api/grupos responded 200 in 1.1231 ms
2026-04-30 16:40:43.009 -03:00 [INF] HTTP GET /api/usuarios responded 200 in 1.4370 ms
2026-04-30 16:40:55.112 -03:00 [INF] HTTP POST /api/grupos responded 201 in 14.5219 ms
2026-04-30 16:40:55.120 -03:00 [INF] HTTP GET /api/usuarios responded 200 in 2.0452 ms
2026-04-30 16:40:55.120 -03:00 [INF] HTTP GET /api/grupos responded 200 in 2.8771 ms
2026-04-30 16:40:58.147 -03:00 [INF] HTTP POST /api/grupos/52aad49a-0754-452a-a442-dd1bf32ea6c7/membros/2b3cdd4b-383f-479b-8d99-3326377a8425 responded 200 in 32.7446 ms
2026-04-30 16:41:04.127 -03:00 [INF] HTTP POST /api/grupos/52aad49a-0754-452a-a442-dd1bf32ea6c7/membros/2b3cdd4b-383f-479b-8d99-3326377a8425 responded 200 in 17.4378 ms
2026-04-30 16:42:02.412 -03:00 [INF] HTTP POST /api/grupos/52aad49a-0754-452a-a442-dd1bf32ea6c7/membros/2b3cdd4b-383f-479b-8d99-3326377a8425 responded 200 in 5.9829 ms
2026-04-30 16:42:07.579 -03:00 [INF] HTTP GET /api/rotas responded 200 in 1.1011 ms
2026-04-30 16:42:10.481 -03:00 [INF] HTTP GET /api/jogos responded 200 in 1.7875 ms
2026-04-30 16:42:10.487 -03:00 [INF] HTTP GET /api/usuarios responded 200 in 0.9020 ms
2026-04-30 16:42:10.492 -03:00 [INF] HTTP GET /api/rotas responded 200 in 0.6338 ms
2026-04-30 16:42:13.255 -03:00 [INF] HTTP POST /api/jogos/dfb09c9a-024d-4861-81c0-f50b28740044/alocar responded 400 in 38.7510 ms
2026-04-30 16:42:23.022 -03:00 [INF] HTTP POST /api/jogos/dfb09c9a-024d-4861-81c0-f50b28740044/alocar responded 400 in 2.4083 ms
2026-04-30 16:42:24.469 -03:00 [INF] HTTP GET /api/usuarios responded 200 in 0.7267 ms
2026-04-30 16:42:24.469 -03:00 [INF] HTTP GET /api/jogos/dfb09c9a-024d-4861-81c0-f50b28740044/presencas responded 200 in 1.4259 ms
2026-04-30 16:42:25.533 -03:00 [ERR] Failed executing DbCommand (0ms) [Parameters=[@p0='?' (DbType = Guid), @p1='?' (DbType = DateTime), @p2='?' (DbType = DateTime), @p3='?' (DbType = Guid), @p4='?' (Size = 12), @p5='?' (DbType = Guid), @p6='?' (DbType = Guid), @p7='?' (DbType = Guid)], CommandType='"Text"', CommandTimeout='30']
INSERT INTO "Passageiros" ("Id", "AtualizadoEm", "CriadoEm", "JogoId", "Nome", "PresencaId", "RotaId", "UsuarioId")
VALUES (@p0, @p1, @p2, @p3, @p4, @p5, @p6, @p7);
2026-04-30 16:42:25.534 -03:00 [ERR] An exception occurred in the database while saving changes for context type 'CaronaAlvinegra.Infrastructure.Data.AppDbContext'.
Microsoft.EntityFrameworkCore.DbUpdateException: An error occurred while saving the entity changes. See the inner exception for details.
 ---> Microsoft.Data.Sqlite.SqliteException (0x80004005): SQLite Error 19: 'FOREIGN KEY constraint failed'.
   at Microsoft.Data.Sqlite.SqliteException.ThrowExceptionForRC(Int32 rc, sqlite3 db)
   at Microsoft.Data.Sqlite.SqliteDataReader.NextResult()
   at Microsoft.Data.Sqlite.SqliteCommand.ExecuteReader(CommandBehavior behavior)
   at Microsoft.Data.Sqlite.SqliteCommand.ExecuteDbDataReaderAsync(CommandBehavior behavior, CancellationToken cancellationToken)
   at Microsoft.EntityFrameworkCore.Storage.RelationalCommand.ExecuteReaderAsync(RelationalCommandParameterObject parameterObject, CancellationToken cancellationToken)
   at Microsoft.EntityFrameworkCore.Storage.RelationalCommand.ExecuteReaderAsync(RelationalCommandParameterObject parameterObject, CancellationToken cancellationToken)
   at Microsoft.EntityFrameworkCore.Update.ReaderModificationCommandBatch.ExecuteAsync(IRelationalConnection connection, CancellationToken cancellationToken)
   --- End of inner exception stack trace ---
   at Microsoft.EntityFrameworkCore.Update.ReaderModificationCommandBatch.ExecuteAsync(IRelationalConnection connection, CancellationToken cancellationToken)
   at Microsoft.EntityFrameworkCore.Update.Internal.BatchExecutor.ExecuteAsync(IEnumerable`1 commandBatches, IRelationalConnection connection, CancellationToken cancellationToken)
   at Microsoft.EntityFrameworkCore.Update.Internal.BatchExecutor.ExecuteAsync(IEnumerable`1 commandBatches, IRelationalConnection connection, CancellationToken cancellationToken)
   at Microsoft.EntityFrameworkCore.Update.Internal.BatchExecutor.ExecuteAsync(IEnumerable`1 commandBatches, IRelationalConnection connection, CancellationToken cancellationToken)
   at Microsoft.EntityFrameworkCore.Storage.RelationalDatabase.SaveChangesAsync(IList`1 entries, CancellationToken cancellationToken)
   at Microsoft.EntityFrameworkCore.ChangeTracking.Internal.StateManager.SaveChangesAsync(IList`1 entriesToSave, CancellationToken cancellationToken)
   at Microsoft.EntityFrameworkCore.ChangeTracking.Internal.StateManager.SaveChangesAsync(StateManager stateManager, Boolean acceptAllChangesOnSuccess, CancellationToken cancellationToken)
   at Microsoft.EntityFrameworkCore.DbContext.SaveChangesAsync(Boolean acceptAllChangesOnSuccess, CancellationToken cancellationToken)
Microsoft.EntityFrameworkCore.DbUpdateException: An error occurred while saving the entity changes. See the inner exception for details.
 ---> Microsoft.Data.Sqlite.SqliteException (0x80004005): SQLite Error 19: 'FOREIGN KEY constraint failed'.
   at Microsoft.Data.Sqlite.SqliteException.ThrowExceptionForRC(Int32 rc, sqlite3 db)
   at Microsoft.Data.Sqlite.SqliteDataReader.NextResult()
   at Microsoft.Data.Sqlite.SqliteCommand.ExecuteReader(CommandBehavior behavior)
   at Microsoft.Data.Sqlite.SqliteCommand.ExecuteDbDataReaderAsync(CommandBehavior behavior, CancellationToken cancellationToken)
   at Microsoft.EntityFrameworkCore.Storage.RelationalCommand.ExecuteReaderAsync(RelationalCommandParameterObject parameterObject, CancellationToken cancellationToken)
   at Microsoft.EntityFrameworkCore.Storage.RelationalCommand.ExecuteReaderAsync(RelationalCommandParameterObject parameterObject, CancellationToken cancellationToken)
   at Microsoft.EntityFrameworkCore.Update.ReaderModificationCommandBatch.ExecuteAsync(IRelationalConnection connection, CancellationToken cancellationToken)
   --- End of inner exception stack trace ---
   at Microsoft.EntityFrameworkCore.Update.ReaderModificationCommandBatch.ExecuteAsync(IRelationalConnection connection, CancellationToken cancellationToken)
   at Microsoft.EntityFrameworkCore.Update.Internal.BatchExecutor.ExecuteAsync(IEnumerable`1 commandBatches, IRelationalConnection connection, CancellationToken cancellationToken)
   at Microsoft.EntityFrameworkCore.Update.Internal.BatchExecutor.ExecuteAsync(IEnumerable`1 commandBatches, IRelationalConnection connection, CancellationToken cancellationToken)
   at Microsoft.EntityFrameworkCore.Update.Internal.BatchExecutor.ExecuteAsync(IEnumerable`1 commandBatches, IRelationalConnection connection, CancellationToken cancellationToken)
   at Microsoft.EntityFrameworkCore.Storage.RelationalDatabase.SaveChangesAsync(IList`1 entries, CancellationToken cancellationToken)
   at Microsoft.EntityFrameworkCore.ChangeTracking.Internal.StateManager.SaveChangesAsync(IList`1 entriesToSave, CancellationToken cancellationToken)
   at Microsoft.EntityFrameworkCore.ChangeTracking.Internal.StateManager.SaveChangesAsync(StateManager stateManager, Boolean acceptAllChangesOnSuccess, CancellationToken cancellationToken)
   at Microsoft.EntityFrameworkCore.DbContext.SaveChangesAsync(Boolean acceptAllChangesOnSuccess, CancellationToken cancellationToken)
2026-04-30 16:42:25.548 -03:00 [ERR] HTTP POST /api/jogos/dfb09c9a-024d-4861-81c0-f50b28740044/presencas responded 500 in 48.2614 ms
Microsoft.EntityFrameworkCore.DbUpdateException: An error occurred while saving the entity changes. See the inner exception for details.
 ---> Microsoft.Data.Sqlite.SqliteException (0x80004005): SQLite Error 19: 'FOREIGN KEY constraint failed'.
   at Microsoft.Data.Sqlite.SqliteException.ThrowExceptionForRC(Int32 rc, sqlite3 db)
   at Microsoft.Data.Sqlite.SqliteDataReader.NextResult()
   at Microsoft.Data.Sqlite.SqliteCommand.ExecuteReader(CommandBehavior behavior)
   at Microsoft.Data.Sqlite.SqliteCommand.ExecuteDbDataReaderAsync(CommandBehavior behavior, CancellationToken cancellationToken)
   at Microsoft.EntityFrameworkCore.Storage.RelationalCommand.ExecuteReaderAsync(RelationalCommandParameterObject parameterObject, CancellationToken cancellationToken)
   at Microsoft.EntityFrameworkCore.Storage.RelationalCommand.ExecuteReaderAsync(RelationalCommandParameterObject parameterObject, CancellationToken cancellationToken)
   at Microsoft.EntityFrameworkCore.Update.ReaderModificationCommandBatch.ExecuteAsync(IRelationalConnection connection, CancellationToken cancellationToken)
   --- End of inner exception stack trace ---
   at Microsoft.EntityFrameworkCore.Update.ReaderModificationCommandBatch.ExecuteAsync(IRelationalConnection connection, CancellationToken cancellationToken)
   at Microsoft.EntityFrameworkCore.Update.Internal.BatchExecutor.ExecuteAsync(IEnumerable`1 commandBatches, IRelationalConnection connection, CancellationToken cancellationToken)
   at Microsoft.EntityFrameworkCore.Update.Internal.BatchExecutor.ExecuteAsync(IEnumerable`1 commandBatches, IRelationalConnection connection, CancellationToken cancellationToken)
   at Microsoft.EntityFrameworkCore.Update.Internal.BatchExecutor.ExecuteAsync(IEnumerable`1 commandBatches, IRelationalConnection connection, CancellationToken cancellationToken)
   at Microsoft.EntityFrameworkCore.Storage.RelationalDatabase.SaveChangesAsync(IList`1 entries, CancellationToken cancellationToken)
   at Microsoft.EntityFrameworkCore.ChangeTracking.Internal.StateManager.SaveChangesAsync(IList`1 entriesToSave, CancellationToken cancellationToken)
   at Microsoft.EntityFrameworkCore.ChangeTracking.Internal.StateManager.SaveChangesAsync(StateManager stateManager, Boolean acceptAllChangesOnSuccess, CancellationToken cancellationToken)
   at Microsoft.EntityFrameworkCore.DbContext.SaveChangesAsync(Boolean acceptAllChangesOnSuccess, CancellationToken cancellationToken)
   at Microsoft.EntityFrameworkCore.DbContext.SaveChangesAsync(Boolean acceptAllChangesOnSuccess, CancellationToken cancellationToken)
   at CaronaAlvinegra.Infrastructure.Repositories.UnitOfWork.CommitAsync(CancellationToken cancellationToken)
   at CaronaAlvinegra.Application.Services.PresencaAppService.MarcarPresencaAsync(Guid jogoId, MarcarPresencaRequest request, CancellationToken ct)
   at CaronaAlvinegra.Api.Endpoints.PresencaEndpoints.<>c.<<MapPresencaEndpoints>b__0_0>d.MoveNext() in c:\Users\dudsl\Documents\GitHub\sistema-organizacao-vans\src\CaronaAlvinegra.Api\Endpoints\PresencaEndpoints.cs:line 14
--- End of stack trace from previous location ---
   at Microsoft.AspNetCore.Http.RequestDelegateFactory.ExecuteTaskResult[T](Task`1 task, HttpContext httpContext)
   at Microsoft.AspNetCore.Http.RequestDelegateFactory.<>c__DisplayClass101_2.<<HandleRequestBodyAndCompileRequestDelegateForJson>b__2>d.MoveNext()
--- End of stack trace from previous location ---
   at Swashbuckle.AspNetCore.SwaggerUI.SwaggerUIMiddleware.Invoke(HttpContext httpContext)
   at Swashbuckle.AspNetCore.Swagger.SwaggerMiddleware.Invoke(HttpContext httpContext, ISwaggerProvider swaggerProvider)
   at Serilog.AspNetCore.RequestLoggingMiddleware.Invoke(HttpContext httpContext)
2026-04-30 16:42:25.552 -03:00 [ERR] Unhandled exception
Microsoft.EntityFrameworkCore.DbUpdateException: An error occurred while saving the entity changes. See the inner exception for details.
 ---> Microsoft.Data.Sqlite.SqliteException (0x80004005): SQLite Error 19: 'FOREIGN KEY constraint failed'.
   at Microsoft.Data.Sqlite.SqliteException.ThrowExceptionForRC(Int32 rc, sqlite3 db)
   at Microsoft.Data.Sqlite.SqliteDataReader.NextResult()
   at Microsoft.Data.Sqlite.SqliteCommand.ExecuteReader(CommandBehavior behavior)
   at Microsoft.Data.Sqlite.SqliteCommand.ExecuteDbDataReaderAsync(CommandBehavior behavior, CancellationToken cancellationToken)
   at Microsoft.EntityFrameworkCore.Storage.RelationalCommand.ExecuteReaderAsync(RelationalCommandParameterObject parameterObject, CancellationToken cancellationToken)
   at Microsoft.EntityFrameworkCore.Storage.RelationalCommand.ExecuteReaderAsync(RelationalCommandParameterObject parameterObject, CancellationToken cancellationToken)
   at Microsoft.EntityFrameworkCore.Update.ReaderModificationCommandBatch.ExecuteAsync(IRelationalConnection connection, CancellationToken cancellationToken)
   --- End of inner exception stack trace ---
   at Microsoft.EntityFrameworkCore.Update.ReaderModificationCommandBatch.ExecuteAsync(IRelationalConnection connection, CancellationToken cancellationToken)
   at Microsoft.EntityFrameworkCore.Update.Internal.BatchExecutor.ExecuteAsync(IEnumerable`1 commandBatches, IRelationalConnection connection, CancellationToken cancellationToken)
   at Microsoft.EntityFrameworkCore.Update.Internal.BatchExecutor.ExecuteAsync(IEnumerable`1 commandBatches, IRelationalConnection connection, CancellationToken cancellationToken)
   at Microsoft.EntityFrameworkCore.Update.Internal.BatchExecutor.ExecuteAsync(IEnumerable`1 commandBatches, IRelationalConnection connection, CancellationToken cancellationToken)
   at Microsoft.EntityFrameworkCore.Storage.RelationalDatabase.SaveChangesAsync(IList`1 entries, CancellationToken cancellationToken)
   at Microsoft.EntityFrameworkCore.ChangeTracking.Internal.StateManager.SaveChangesAsync(IList`1 entriesToSave, CancellationToken cancellationToken)
   at Microsoft.EntityFrameworkCore.ChangeTracking.Internal.StateManager.SaveChangesAsync(StateManager stateManager, Boolean acceptAllChangesOnSuccess, CancellationToken cancellationToken)
   at Microsoft.EntityFrameworkCore.DbContext.SaveChangesAsync(Boolean acceptAllChangesOnSuccess, CancellationToken cancellationToken)
   at Microsoft.EntityFrameworkCore.DbContext.SaveChangesAsync(Boolean acceptAllChangesOnSuccess, CancellationToken cancellationToken)
   at CaronaAlvinegra.Infrastructure.Repositories.UnitOfWork.CommitAsync(CancellationToken cancellationToken)
   at CaronaAlvinegra.Application.Services.PresencaAppService.MarcarPresencaAsync(Guid jogoId, MarcarPresencaRequest request, CancellationToken ct)
   at CaronaAlvinegra.Api.Endpoints.PresencaEndpoints.<>c.<<MapPresencaEndpoints>b__0_0>d.MoveNext() in c:\Users\dudsl\Documents\GitHub\sistema-organizacao-vans\src\CaronaAlvinegra.Api\Endpoints\PresencaEndpoints.cs:line 14
--- End of stack trace from previous location ---
   at Microsoft.AspNetCore.Http.RequestDelegateFactory.ExecuteTaskResult[T](Task`1 task, HttpContext httpContext)
   at Microsoft.AspNetCore.Http.RequestDelegateFactory.<>c__DisplayClass101_2.<<HandleRequestBodyAndCompileRequestDelegateForJson>b__2>d.MoveNext()
--- End of stack trace from previous location ---
   at Swashbuckle.AspNetCore.SwaggerUI.SwaggerUIMiddleware.Invoke(HttpContext httpContext)
   at Swashbuckle.AspNetCore.Swagger.SwaggerMiddleware.Invoke(HttpContext httpContext, ISwaggerProvider swaggerProvider)
   at Serilog.AspNetCore.RequestLoggingMiddleware.Invoke(HttpContext httpContext)
   at CaronaAlvinegra.Api.Middleware.ExceptionHandlingMiddleware.InvokeAsync(HttpContext context) in c:\Users\dudsl\Documents\GitHub\sistema-organizacao-vans\src\CaronaAlvinegra.Api\Middleware\ExceptionHandlingMiddleware.cs:line 22
2026-04-30 16:42:26.119 -03:00 [ERR] Failed executing DbCommand (0ms) [Parameters=[@p0='?' (DbType = Guid), @p1='?' (DbType = DateTime), @p2='?' (DbType = DateTime), @p3='?' (DbType = Guid), @p4='?' (Size = 12), @p5='?' (DbType = Guid), @p6='?' (DbType = Guid), @p7='?' (DbType = Guid)], CommandType='"Text"', CommandTimeout='30']
INSERT INTO "Passageiros" ("Id", "AtualizadoEm", "CriadoEm", "JogoId", "Nome", "PresencaId", "RotaId", "UsuarioId")
VALUES (@p0, @p1, @p2, @p3, @p4, @p5, @p6, @p7);
2026-04-30 16:42:26.121 -03:00 [ERR] An exception occurred in the database while saving changes for context type 'CaronaAlvinegra.Infrastructure.Data.AppDbContext'.
Microsoft.EntityFrameworkCore.DbUpdateException: An error occurred while saving the entity changes. See the inner exception for details.
 ---> Microsoft.Data.Sqlite.SqliteException (0x80004005): SQLite Error 19: 'FOREIGN KEY constraint failed'.
   at Microsoft.Data.Sqlite.SqliteException.ThrowExceptionForRC(Int32 rc, sqlite3 db)
   at Microsoft.Data.Sqlite.SqliteDataReader.NextResult()
   at Microsoft.Data.Sqlite.SqliteCommand.ExecuteReader(CommandBehavior behavior)
   at Microsoft.Data.Sqlite.SqliteCommand.ExecuteDbDataReaderAsync(CommandBehavior behavior, CancellationToken cancellationToken)
   at Microsoft.EntityFrameworkCore.Storage.RelationalCommand.ExecuteReaderAsync(RelationalCommandParameterObject parameterObject, CancellationToken cancellationToken)
   at Microsoft.EntityFrameworkCore.Storage.RelationalCommand.ExecuteReaderAsync(RelationalCommandParameterObject parameterObject, CancellationToken cancellationToken)
   at Microsoft.EntityFrameworkCore.Update.ReaderModificationCommandBatch.ExecuteAsync(IRelationalConnection connection, CancellationToken cancellationToken)
   --- End of inner exception stack trace ---
   at Microsoft.EntityFrameworkCore.Update.ReaderModificationCommandBatch.ExecuteAsync(IRelationalConnection connection, CancellationToken cancellationToken)
   at Microsoft.EntityFrameworkCore.Update.Internal.BatchExecutor.ExecuteAsync(IEnumerable`1 commandBatches, IRelationalConnection connection, CancellationToken cancellationToken)
   at Microsoft.EntityFrameworkCore.Update.Internal.BatchExecutor.ExecuteAsync(IEnumerable`1 commandBatches, IRelationalConnection connection, CancellationToken cancellationToken)
   at Microsoft.EntityFrameworkCore.Update.Internal.BatchExecutor.ExecuteAsync(IEnumerable`1 commandBatches, IRelationalConnection connection, CancellationToken cancellationToken)
   at Microsoft.EntityFrameworkCore.Storage.RelationalDatabase.SaveChangesAsync(IList`1 entries, CancellationToken cancellationToken)
   at Microsoft.EntityFrameworkCore.ChangeTracking.Internal.StateManager.SaveChangesAsync(IList`1 entriesToSave, CancellationToken cancellationToken)
   at Microsoft.EntityFrameworkCore.ChangeTracking.Internal.StateManager.SaveChangesAsync(StateManager stateManager, Boolean acceptAllChangesOnSuccess, CancellationToken cancellationToken)
   at Microsoft.EntityFrameworkCore.DbContext.SaveChangesAsync(Boolean acceptAllChangesOnSuccess, CancellationToken cancellationToken)
Microsoft.EntityFrameworkCore.DbUpdateException: An error occurred while saving the entity changes. See the inner exception for details.
 ---> Microsoft.Data.Sqlite.SqliteException (0x80004005): SQLite Error 19: 'FOREIGN KEY constraint failed'.
   at Microsoft.Data.Sqlite.SqliteException.ThrowExceptionForRC(Int32 rc, sqlite3 db)
   at Microsoft.Data.Sqlite.SqliteDataReader.NextResult()
   at Microsoft.Data.Sqlite.SqliteCommand.ExecuteReader(CommandBehavior behavior)
   at Microsoft.Data.Sqlite.SqliteCommand.ExecuteDbDataReaderAsync(CommandBehavior behavior, CancellationToken cancellationToken)
   at Microsoft.EntityFrameworkCore.Storage.RelationalCommand.ExecuteReaderAsync(RelationalCommandParameterObject parameterObject, CancellationToken cancellationToken)
   at Microsoft.EntityFrameworkCore.Storage.RelationalCommand.ExecuteReaderAsync(RelationalCommandParameterObject parameterObject, CancellationToken cancellationToken)
   at Microsoft.EntityFrameworkCore.Update.ReaderModificationCommandBatch.ExecuteAsync(IRelationalConnection connection, CancellationToken cancellationToken)
   --- End of inner exception stack trace ---
   at Microsoft.EntityFrameworkCore.Update.ReaderModificationCommandBatch.ExecuteAsync(IRelationalConnection connection, CancellationToken cancellationToken)
   at Microsoft.EntityFrameworkCore.Update.Internal.BatchExecutor.ExecuteAsync(IEnumerable`1 commandBatches, IRelationalConnection connection, CancellationToken cancellationToken)
   at Microsoft.EntityFrameworkCore.Update.Internal.BatchExecutor.ExecuteAsync(IEnumerable`1 commandBatches, IRelationalConnection connection, CancellationToken cancellationToken)
   at Microsoft.EntityFrameworkCore.Update.Internal.BatchExecutor.ExecuteAsync(IEnumerable`1 commandBatches, IRelationalConnection connection, CancellationToken cancellationToken)
   at Microsoft.EntityFrameworkCore.Storage.RelationalDatabase.SaveChangesAsync(IList`1 entries, CancellationToken cancellationToken)
   at Microsoft.EntityFrameworkCore.ChangeTracking.Internal.StateManager.SaveChangesAsync(IList`1 entriesToSave, CancellationToken cancellationToken)
   at Microsoft.EntityFrameworkCore.ChangeTracking.Internal.StateManager.SaveChangesAsync(StateManager stateManager, Boolean acceptAllChangesOnSuccess, CancellationToken cancellationToken)
   at Microsoft.EntityFrameworkCore.DbContext.SaveChangesAsync(Boolean acceptAllChangesOnSuccess, CancellationToken cancellationToken)
2026-04-30 16:42:26.122 -03:00 [ERR] HTTP POST /api/jogos/dfb09c9a-024d-4861-81c0-f50b28740044/presencas responded 500 in 6.3540 ms
Microsoft.EntityFrameworkCore.DbUpdateException: An error occurred while saving the entity changes. See the inner exception for details.
 ---> Microsoft.Data.Sqlite.SqliteException (0x80004005): SQLite Error 19: 'FOREIGN KEY constraint failed'.
   at Microsoft.Data.Sqlite.SqliteException.ThrowExceptionForRC(Int32 rc, sqlite3 db)
   at Microsoft.Data.Sqlite.SqliteDataReader.NextResult()
   at Microsoft.Data.Sqlite.SqliteCommand.ExecuteReader(CommandBehavior behavior)
   at Microsoft.Data.Sqlite.SqliteCommand.ExecuteDbDataReaderAsync(CommandBehavior behavior, CancellationToken cancellationToken)
   at Microsoft.EntityFrameworkCore.Storage.RelationalCommand.ExecuteReaderAsync(RelationalCommandParameterObject parameterObject, CancellationToken cancellationToken)
   at Microsoft.EntityFrameworkCore.Storage.RelationalCommand.ExecuteReaderAsync(RelationalCommandParameterObject parameterObject, CancellationToken cancellationToken)
   at Microsoft.EntityFrameworkCore.Update.ReaderModificationCommandBatch.ExecuteAsync(IRelationalConnection connection, CancellationToken cancellationToken)
   --- End of inner exception stack trace ---
   at Microsoft.EntityFrameworkCore.Update.ReaderModificationCommandBatch.ExecuteAsync(IRelationalConnection connection, CancellationToken cancellationToken)
   at Microsoft.EntityFrameworkCore.Update.Internal.BatchExecutor.ExecuteAsync(IEnumerable`1 commandBatches, IRelationalConnection connection, CancellationToken cancellationToken)
   at Microsoft.EntityFrameworkCore.Update.Internal.BatchExecutor.ExecuteAsync(IEnumerable`1 commandBatches, IRelationalConnection connection, CancellationToken cancellationToken)
   at Microsoft.EntityFrameworkCore.Update.Internal.BatchExecutor.ExecuteAsync(IEnumerable`1 commandBatches, IRelationalConnection connection, CancellationToken cancellationToken)
   at Microsoft.EntityFrameworkCore.Storage.RelationalDatabase.SaveChangesAsync(IList`1 entries, CancellationToken cancellationToken)
   at Microsoft.EntityFrameworkCore.ChangeTracking.Internal.StateManager.SaveChangesAsync(IList`1 entriesToSave, CancellationToken cancellationToken)
   at Microsoft.EntityFrameworkCore.ChangeTracking.Internal.StateManager.SaveChangesAsync(StateManager stateManager, Boolean acceptAllChangesOnSuccess, CancellationToken cancellationToken)
   at Microsoft.EntityFrameworkCore.DbContext.SaveChangesAsync(Boolean acceptAllChangesOnSuccess, CancellationToken cancellationToken)
   at Microsoft.EntityFrameworkCore.DbContext.SaveChangesAsync(Boolean acceptAllChangesOnSuccess, CancellationToken cancellationToken)
   at CaronaAlvinegra.Infrastructure.Repositories.UnitOfWork.CommitAsync(CancellationToken cancellationToken)
   at CaronaAlvinegra.Application.Services.PresencaAppService.MarcarPresencaAsync(Guid jogoId, MarcarPresencaRequest request, CancellationToken ct)
   at CaronaAlvinegra.Api.Endpoints.PresencaEndpoints.<>c.<<MapPresencaEndpoints>b__0_0>d.MoveNext() in c:\Users\dudsl\Documents\GitHub\sistema-organizacao-vans\src\CaronaAlvinegra.Api\Endpoints\PresencaEndpoints.cs:line 14
--- End of stack trace from previous location ---
   at Microsoft.AspNetCore.Http.RequestDelegateFactory.ExecuteTaskResult[T](Task`1 task, HttpContext httpContext)
   at Microsoft.AspNetCore.Http.RequestDelegateFactory.<>c__DisplayClass101_2.<<HandleRequestBodyAndCompileRequestDelegateForJson>b__2>d.MoveNext()
--- End of stack trace from previous location ---
   at Swashbuckle.AspNetCore.SwaggerUI.SwaggerUIMiddleware.Invoke(HttpContext httpContext)
   at Swashbuckle.AspNetCore.Swagger.SwaggerMiddleware.Invoke(HttpContext httpContext, ISwaggerProvider swaggerProvider)
   at Serilog.AspNetCore.RequestLoggingMiddleware.Invoke(HttpContext httpContext)
2026-04-30 16:42:26.123 -03:00 [ERR] Unhandled exception
Microsoft.EntityFrameworkCore.DbUpdateException: An error occurred while saving the entity changes. See the inner exception for details.
 ---> Microsoft.Data.Sqlite.SqliteException (0x80004005): SQLite Error 19: 'FOREIGN KEY constraint failed'.
   at Microsoft.Data.Sqlite.SqliteException.ThrowExceptionForRC(Int32 rc, sqlite3 db)
   at Microsoft.Data.Sqlite.SqliteDataReader.NextResult()
   at Microsoft.Data.Sqlite.SqliteCommand.ExecuteReader(CommandBehavior behavior)
   at Microsoft.Data.Sqlite.SqliteCommand.ExecuteDbDataReaderAsync(CommandBehavior behavior, CancellationToken cancellationToken)
   at Microsoft.EntityFrameworkCore.Storage.RelationalCommand.ExecuteReaderAsync(RelationalCommandParameterObject parameterObject, CancellationToken cancellationToken)
   at Microsoft.EntityFrameworkCore.Storage.RelationalCommand.ExecuteReaderAsync(RelationalCommandParameterObject parameterObject, CancellationToken cancellationToken)
   at Microsoft.EntityFrameworkCore.Update.ReaderModificationCommandBatch.ExecuteAsync(IRelationalConnection connection, CancellationToken cancellationToken)
   --- End of inner exception stack trace ---
   at Microsoft.EntityFrameworkCore.Update.ReaderModificationCommandBatch.ExecuteAsync(IRelationalConnection connection, CancellationToken cancellationToken)
   at Microsoft.EntityFrameworkCore.Update.Internal.BatchExecutor.ExecuteAsync(IEnumerable`1 commandBatches, IRelationalConnection connection, CancellationToken cancellationToken)
   at Microsoft.EntityFrameworkCore.Update.Internal.BatchExecutor.ExecuteAsync(IEnumerable`1 commandBatches, IRelationalConnection connection, CancellationToken cancellationToken)
   at Microsoft.EntityFrameworkCore.Update.Internal.BatchExecutor.ExecuteAsync(IEnumerable`1 commandBatches, IRelationalConnection connection, CancellationToken cancellationToken)
   at Microsoft.EntityFrameworkCore.Storage.RelationalDatabase.SaveChangesAsync(IList`1 entries, CancellationToken cancellationToken)
   at Microsoft.EntityFrameworkCore.ChangeTracking.Internal.StateManager.SaveChangesAsync(IList`1 entriesToSave, CancellationToken cancellationToken)
   at Microsoft.EntityFrameworkCore.ChangeTracking.Internal.StateManager.SaveChangesAsync(StateManager stateManager, Boolean acceptAllChangesOnSuccess, CancellationToken cancellationToken)
   at Microsoft.EntityFrameworkCore.DbContext.SaveChangesAsync(Boolean acceptAllChangesOnSuccess, CancellationToken cancellationToken)
   at Microsoft.EntityFrameworkCore.DbContext.SaveChangesAsync(Boolean acceptAllChangesOnSuccess, CancellationToken cancellationToken)
   at CaronaAlvinegra.Infrastructure.Repositories.UnitOfWork.CommitAsync(CancellationToken cancellationToken)
   at CaronaAlvinegra.Application.Services.PresencaAppService.MarcarPresencaAsync(Guid jogoId, MarcarPresencaRequest request, CancellationToken ct)
   at CaronaAlvinegra.Api.Endpoints.PresencaEndpoints.<>c.<<MapPresencaEndpoints>b__0_0>d.MoveNext() in c:\Users\dudsl\Documents\GitHub\sistema-organizacao-vans\src\CaronaAlvinegra.Api\Endpoints\PresencaEndpoints.cs:line 14
--- End of stack trace from previous location ---
   at Microsoft.AspNetCore.Http.RequestDelegateFactory.ExecuteTaskResult[T](Task`1 task, HttpContext httpContext)
   at Microsoft.AspNetCore.Http.RequestDelegateFactory.<>c__DisplayClass101_2.<<HandleRequestBodyAndCompileRequestDelegateForJson>b__2>d.MoveNext()
--- End of stack trace from previous location ---
   at Swashbuckle.AspNetCore.SwaggerUI.SwaggerUIMiddleware.Invoke(HttpContext httpContext)
   at Swashbuckle.AspNetCore.Swagger.SwaggerMiddleware.Invoke(HttpContext httpContext, ISwaggerProvider swaggerProvider)
   at Serilog.AspNetCore.RequestLoggingMiddleware.Invoke(HttpContext httpContext)
   at CaronaAlvinegra.Api.Middleware.ExceptionHandlingMiddleware.InvokeAsync(HttpContext context) in c:\Users\dudsl\Documents\GitHub\sistema-organizacao-vans\src\CaronaAlvinegra.Api\Middleware\ExceptionHandlingMiddleware.cs:line 22
2026-04-30 16:42:27.893 -03:00 [ERR] Failed executing DbCommand (0ms) [Parameters=[@p0='?' (DbType = Guid), @p1='?' (DbType = DateTime), @p2='?' (DbType = DateTime), @p3='?' (DbType = Guid), @p4='?' (Size = 12), @p5='?' (DbType = Guid), @p6='?' (DbType = Guid), @p7='?' (DbType = Guid)], CommandType='"Text"', CommandTimeout='30']
INSERT INTO "Passageiros" ("Id", "AtualizadoEm", "CriadoEm", "JogoId", "Nome", "PresencaId", "RotaId", "UsuarioId")
VALUES (@p0, @p1, @p2, @p3, @p4, @p5, @p6, @p7);
2026-04-30 16:42:27.895 -03:00 [ERR] An exception occurred in the database while saving changes for context type 'CaronaAlvinegra.Infrastructure.Data.AppDbContext'.
Microsoft.EntityFrameworkCore.DbUpdateException: An error occurred while saving the entity changes. See the inner exception for details.
 ---> Microsoft.Data.Sqlite.SqliteException (0x80004005): SQLite Error 19: 'FOREIGN KEY constraint failed'.
   at Microsoft.Data.Sqlite.SqliteException.ThrowExceptionForRC(Int32 rc, sqlite3 db)
   at Microsoft.Data.Sqlite.SqliteDataReader.NextResult()
   at Microsoft.Data.Sqlite.SqliteCommand.ExecuteReader(CommandBehavior behavior)
   at Microsoft.Data.Sqlite.SqliteCommand.ExecuteDbDataReaderAsync(CommandBehavior behavior, CancellationToken cancellationToken)
   at Microsoft.EntityFrameworkCore.Storage.RelationalCommand.ExecuteReaderAsync(RelationalCommandParameterObject parameterObject, CancellationToken cancellationToken)
   at Microsoft.EntityFrameworkCore.Storage.RelationalCommand.ExecuteReaderAsync(RelationalCommandParameterObject parameterObject, CancellationToken cancellationToken)
   at Microsoft.EntityFrameworkCore.Update.ReaderModificationCommandBatch.ExecuteAsync(IRelationalConnection connection, CancellationToken cancellationToken)
   --- End of inner exception stack trace ---
   at Microsoft.EntityFrameworkCore.Update.ReaderModificationCommandBatch.ExecuteAsync(IRelationalConnection connection, CancellationToken cancellationToken)
   at Microsoft.EntityFrameworkCore.Update.Internal.BatchExecutor.ExecuteAsync(IEnumerable`1 commandBatches, IRelationalConnection connection, CancellationToken cancellationToken)
   at Microsoft.EntityFrameworkCore.Update.Internal.BatchExecutor.ExecuteAsync(IEnumerable`1 commandBatches, IRelationalConnection connection, CancellationToken cancellationToken)
   at Microsoft.EntityFrameworkCore.Update.Internal.BatchExecutor.ExecuteAsync(IEnumerable`1 commandBatches, IRelationalConnection connection, CancellationToken cancellationToken)
   at Microsoft.EntityFrameworkCore.Storage.RelationalDatabase.SaveChangesAsync(IList`1 entries, CancellationToken cancellationToken)
   at Microsoft.EntityFrameworkCore.ChangeTracking.Internal.StateManager.SaveChangesAsync(IList`1 entriesToSave, CancellationToken cancellationToken)
   at Microsoft.EntityFrameworkCore.ChangeTracking.Internal.StateManager.SaveChangesAsync(StateManager stateManager, Boolean acceptAllChangesOnSuccess, CancellationToken cancellationToken)
   at Microsoft.EntityFrameworkCore.DbContext.SaveChangesAsync(Boolean acceptAllChangesOnSuccess, CancellationToken cancellationToken)
Microsoft.EntityFrameworkCore.DbUpdateException: An error occurred while saving the entity changes. See the inner exception for details.
 ---> Microsoft.Data.Sqlite.SqliteException (0x80004005): SQLite Error 19: 'FOREIGN KEY constraint failed'.
   at Microsoft.Data.Sqlite.SqliteException.ThrowExceptionForRC(Int32 rc, sqlite3 db)
   at Microsoft.Data.Sqlite.SqliteDataReader.NextResult()
   at Microsoft.Data.Sqlite.SqliteCommand.ExecuteReader(CommandBehavior behavior)
   at Microsoft.Data.Sqlite.SqliteCommand.ExecuteDbDataReaderAsync(CommandBehavior behavior, CancellationToken cancellationToken)
   at Microsoft.EntityFrameworkCore.Storage.RelationalCommand.ExecuteReaderAsync(RelationalCommandParameterObject parameterObject, CancellationToken cancellationToken)
   at Microsoft.EntityFrameworkCore.Storage.RelationalCommand.ExecuteReaderAsync(RelationalCommandParameterObject parameterObject, CancellationToken cancellationToken)
   at Microsoft.EntityFrameworkCore.Update.ReaderModificationCommandBatch.ExecuteAsync(IRelationalConnection connection, CancellationToken cancellationToken)
   --- End of inner exception stack trace ---
   at Microsoft.EntityFrameworkCore.Update.ReaderModificationCommandBatch.ExecuteAsync(IRelationalConnection connection, CancellationToken cancellationToken)
   at Microsoft.EntityFrameworkCore.Update.Internal.BatchExecutor.ExecuteAsync(IEnumerable`1 commandBatches, IRelationalConnection connection, CancellationToken cancellationToken)
   at Microsoft.EntityFrameworkCore.Update.Internal.BatchExecutor.ExecuteAsync(IEnumerable`1 commandBatches, IRelationalConnection connection, CancellationToken cancellationToken)
   at Microsoft.EntityFrameworkCore.Update.Internal.BatchExecutor.ExecuteAsync(IEnumerable`1 commandBatches, IRelationalConnection connection, CancellationToken cancellationToken)
   at Microsoft.EntityFrameworkCore.Storage.RelationalDatabase.SaveChangesAsync(IList`1 entries, CancellationToken cancellationToken)
   at Microsoft.EntityFrameworkCore.ChangeTracking.Internal.StateManager.SaveChangesAsync(IList`1 entriesToSave, CancellationToken cancellationToken)
   at Microsoft.EntityFrameworkCore.ChangeTracking.Internal.StateManager.SaveChangesAsync(StateManager stateManager, Boolean acceptAllChangesOnSuccess, CancellationToken cancellationToken)
   at Microsoft.EntityFrameworkCore.DbContext.SaveChangesAsync(Boolean acceptAllChangesOnSuccess, CancellationToken cancellationToken)
2026-04-30 16:42:27.896 -03:00 [ERR] HTTP POST /api/jogos/dfb09c9a-024d-4861-81c0-f50b28740044/presencas responded 500 in 5.7897 ms
Microsoft.EntityFrameworkCore.DbUpdateException: An error occurred while saving the entity changes. See the inner exception for details.
 ---> Microsoft.Data.Sqlite.SqliteException (0x80004005): SQLite Error 19: 'FOREIGN KEY constraint failed'.
   at Microsoft.Data.Sqlite.SqliteException.ThrowExceptionForRC(Int32 rc, sqlite3 db)
   at Microsoft.Data.Sqlite.SqliteDataReader.NextResult()
   at Microsoft.Data.Sqlite.SqliteCommand.ExecuteReader(CommandBehavior behavior)
   at Microsoft.Data.Sqlite.SqliteCommand.ExecuteDbDataReaderAsync(CommandBehavior behavior, CancellationToken cancellationToken)
   at Microsoft.EntityFrameworkCore.Storage.RelationalCommand.ExecuteReaderAsync(RelationalCommandParameterObject parameterObject, CancellationToken cancellationToken)
   at Microsoft.EntityFrameworkCore.Storage.RelationalCommand.ExecuteReaderAsync(RelationalCommandParameterObject parameterObject, CancellationToken cancellationToken)
   at Microsoft.EntityFrameworkCore.Update.ReaderModificationCommandBatch.ExecuteAsync(IRelationalConnection connection, CancellationToken cancellationToken)
   --- End of inner exception stack trace ---
   at Microsoft.EntityFrameworkCore.Update.ReaderModificationCommandBatch.ExecuteAsync(IRelationalConnection connection, CancellationToken cancellationToken)
   at Microsoft.EntityFrameworkCore.Update.Internal.BatchExecutor.ExecuteAsync(IEnumerable`1 commandBatches, IRelationalConnection connection, CancellationToken cancellationToken)
   at Microsoft.EntityFrameworkCore.Update.Internal.BatchExecutor.ExecuteAsync(IEnumerable`1 commandBatches, IRelationalConnection connection, CancellationToken cancellationToken)
   at Microsoft.EntityFrameworkCore.Update.Internal.BatchExecutor.ExecuteAsync(IEnumerable`1 commandBatches, IRelationalConnection connection, CancellationToken cancellationToken)
   at Microsoft.EntityFrameworkCore.Storage.RelationalDatabase.SaveChangesAsync(IList`1 entries, CancellationToken cancellationToken)
   at Microsoft.EntityFrameworkCore.ChangeTracking.Internal.StateManager.SaveChangesAsync(IList`1 entriesToSave, CancellationToken cancellationToken)
   at Microsoft.EntityFrameworkCore.ChangeTracking.Internal.StateManager.SaveChangesAsync(StateManager stateManager, Boolean acceptAllChangesOnSuccess, CancellationToken cancellationToken)
   at Microsoft.EntityFrameworkCore.DbContext.SaveChangesAsync(Boolean acceptAllChangesOnSuccess, CancellationToken cancellationToken)
   at Microsoft.EntityFrameworkCore.DbContext.SaveChangesAsync(Boolean acceptAllChangesOnSuccess, CancellationToken cancellationToken)
   at CaronaAlvinegra.Infrastructure.Repositories.UnitOfWork.CommitAsync(CancellationToken cancellationToken)
   at CaronaAlvinegra.Application.Services.PresencaAppService.MarcarPresencaAsync(Guid jogoId, MarcarPresencaRequest request, CancellationToken ct)
   at CaronaAlvinegra.Api.Endpoints.PresencaEndpoints.<>c.<<MapPresencaEndpoints>b__0_0>d.MoveNext() in c:\Users\dudsl\Documents\GitHub\sistema-organizacao-vans\src\CaronaAlvinegra.Api\Endpoints\PresencaEndpoints.cs:line 14
--- End of stack trace from previous location ---
   at Microsoft.AspNetCore.Http.RequestDelegateFactory.ExecuteTaskResult[T](Task`1 task, HttpContext httpContext)
   at Microsoft.AspNetCore.Http.RequestDelegateFactory.<>c__DisplayClass101_2.<<HandleRequestBodyAndCompileRequestDelegateForJson>b__2>d.MoveNext()
--- End of stack trace from previous location ---
   at Swashbuckle.AspNetCore.SwaggerUI.SwaggerUIMiddleware.Invoke(HttpContext httpContext)
   at Swashbuckle.AspNetCore.Swagger.SwaggerMiddleware.Invoke(HttpContext httpContext, ISwaggerProvider swaggerProvider)
   at Serilog.AspNetCore.RequestLoggingMiddleware.Invoke(HttpContext httpContext)
2026-04-30 16:42:27.897 -03:00 [ERR] Unhandled exception
Microsoft.EntityFrameworkCore.DbUpdateException: An error occurred while saving the entity changes. See the inner exception for details.
 ---> Microsoft.Data.Sqlite.SqliteException (0x80004005): SQLite Error 19: 'FOREIGN KEY constraint failed'.
   at Microsoft.Data.Sqlite.SqliteException.ThrowExceptionForRC(Int32 rc, sqlite3 db)
   at Microsoft.Data.Sqlite.SqliteDataReader.NextResult()
   at Microsoft.Data.Sqlite.SqliteCommand.ExecuteReader(CommandBehavior behavior)
   at Microsoft.Data.Sqlite.SqliteCommand.ExecuteDbDataReaderAsync(CommandBehavior behavior, CancellationToken cancellationToken)
   at Microsoft.EntityFrameworkCore.Storage.RelationalCommand.ExecuteReaderAsync(RelationalCommandParameterObject parameterObject, CancellationToken cancellationToken)
   at Microsoft.EntityFrameworkCore.Storage.RelationalCommand.ExecuteReaderAsync(RelationalCommandParameterObject parameterObject, CancellationToken cancellationToken)
   at Microsoft.EntityFrameworkCore.Update.ReaderModificationCommandBatch.ExecuteAsync(IRelationalConnection connection, CancellationToken cancellationToken)
   --- End of inner exception stack trace ---
   at Microsoft.EntityFrameworkCore.Update.ReaderModificationCommandBatch.ExecuteAsync(IRelationalConnection connection, CancellationToken cancellationToken)
   at Microsoft.EntityFrameworkCore.Update.Internal.BatchExecutor.ExecuteAsync(IEnumerable`1 commandBatches, IRelationalConnection connection, CancellationToken cancellationToken)
   at Microsoft.EntityFrameworkCore.Update.Internal.BatchExecutor.ExecuteAsync(IEnumerable`1 commandBatches, IRelationalConnection connection, CancellationToken cancellationToken)
   at Microsoft.EntityFrameworkCore.Update.Internal.BatchExecutor.ExecuteAsync(IEnumerable`1 commandBatches, IRelationalConnection connection, CancellationToken cancellationToken)
   at Microsoft.EntityFrameworkCore.Storage.RelationalDatabase.SaveChangesAsync(IList`1 entries, CancellationToken cancellationToken)
   at Microsoft.EntityFrameworkCore.ChangeTracking.Internal.StateManager.SaveChangesAsync(IList`1 entriesToSave, CancellationToken cancellationToken)
   at Microsoft.EntityFrameworkCore.ChangeTracking.Internal.StateManager.SaveChangesAsync(StateManager stateManager, Boolean acceptAllChangesOnSuccess, CancellationToken cancellationToken)
   at Microsoft.EntityFrameworkCore.DbContext.SaveChangesAsync(Boolean acceptAllChangesOnSuccess, CancellationToken cancellationToken)
   at Microsoft.EntityFrameworkCore.DbContext.SaveChangesAsync(Boolean acceptAllChangesOnSuccess, CancellationToken cancellationToken)
   at CaronaAlvinegra.Infrastructure.Repositories.UnitOfWork.CommitAsync(CancellationToken cancellationToken)
   at CaronaAlvinegra.Application.Services.PresencaAppService.MarcarPresencaAsync(Guid jogoId, MarcarPresencaRequest request, CancellationToken ct)
   at CaronaAlvinegra.Api.Endpoints.PresencaEndpoints.<>c.<<MapPresencaEndpoints>b__0_0>d.MoveNext() in c:\Users\dudsl\Documents\GitHub\sistema-organizacao-vans\src\CaronaAlvinegra.Api\Endpoints\PresencaEndpoints.cs:line 14
--- End of stack trace from previous location ---
   at Microsoft.AspNetCore.Http.RequestDelegateFactory.ExecuteTaskResult[T](Task`1 task, HttpContext httpContext)
   at Microsoft.AspNetCore.Http.RequestDelegateFactory.<>c__DisplayClass101_2.<<HandleRequestBodyAndCompileRequestDelegateForJson>b__2>d.MoveNext()
--- End of stack trace from previous location ---
   at Swashbuckle.AspNetCore.SwaggerUI.SwaggerUIMiddleware.Invoke(HttpContext httpContext)
   at Swashbuckle.AspNetCore.Swagger.SwaggerMiddleware.Invoke(HttpContext httpContext, ISwaggerProvider swaggerProvider)
   at Serilog.AspNetCore.RequestLoggingMiddleware.Invoke(HttpContext httpContext)
   at CaronaAlvinegra.Api.Middleware.ExceptionHandlingMiddleware.InvokeAsync(HttpContext context) in c:\Users\dudsl\Documents\GitHub\sistema-organizacao-vans\src\CaronaAlvinegra.Api\Middleware\ExceptionHandlingMiddleware.cs:line 22
2026-04-30 16:42:29.502 -03:00 [ERR] Failed executing DbCommand (0ms) [Parameters=[@p0='?' (DbType = Guid), @p1='?' (DbType = DateTime), @p2='?' (DbType = DateTime), @p3='?' (DbType = Guid), @p4='?' (Size = 12), @p5='?' (DbType = Guid), @p6='?' (DbType = Guid), @p7='?' (DbType = Guid)], CommandType='"Text"', CommandTimeout='30']
INSERT INTO "Passageiros" ("Id", "AtualizadoEm", "CriadoEm", "JogoId", "Nome", "PresencaId", "RotaId", "UsuarioId")
VALUES (@p0, @p1, @p2, @p3, @p4, @p5, @p6, @p7);
2026-04-30 16:42:29.503 -03:00 [ERR] An exception occurred in the database while saving changes for context type 'CaronaAlvinegra.Infrastructure.Data.AppDbContext'.
Microsoft.EntityFrameworkCore.DbUpdateException: An error occurred while saving the entity changes. See the inner exception for details.
 ---> Microsoft.Data.Sqlite.SqliteException (0x80004005): SQLite Error 19: 'FOREIGN KEY constraint failed'.
   at Microsoft.Data.Sqlite.SqliteException.ThrowExceptionForRC(Int32 rc, sqlite3 db)
   at Microsoft.Data.Sqlite.SqliteDataReader.NextResult()
   at Microsoft.Data.Sqlite.SqliteCommand.ExecuteReader(CommandBehavior behavior)
   at Microsoft.Data.Sqlite.SqliteCommand.ExecuteDbDataReaderAsync(CommandBehavior behavior, CancellationToken cancellationToken)
   at Microsoft.EntityFrameworkCore.Storage.RelationalCommand.ExecuteReaderAsync(RelationalCommandParameterObject parameterObject, CancellationToken cancellationToken)
   at Microsoft.EntityFrameworkCore.Storage.RelationalCommand.ExecuteReaderAsync(RelationalCommandParameterObject parameterObject, CancellationToken cancellationToken)
   at Microsoft.EntityFrameworkCore.Update.ReaderModificationCommandBatch.ExecuteAsync(IRelationalConnection connection, CancellationToken cancellationToken)
   --- End of inner exception stack trace ---
   at Microsoft.EntityFrameworkCore.Update.ReaderModificationCommandBatch.ExecuteAsync(IRelationalConnection connection, CancellationToken cancellationToken)
   at Microsoft.EntityFrameworkCore.Update.Internal.BatchExecutor.ExecuteAsync(IEnumerable`1 commandBatches, IRelationalConnection connection, CancellationToken cancellationToken)
   at Microsoft.EntityFrameworkCore.Update.Internal.BatchExecutor.ExecuteAsync(IEnumerable`1 commandBatches, IRelationalConnection connection, CancellationToken cancellationToken)
   at Microsoft.EntityFrameworkCore.Update.Internal.BatchExecutor.ExecuteAsync(IEnumerable`1 commandBatches, IRelationalConnection connection, CancellationToken cancellationToken)
   at Microsoft.EntityFrameworkCore.Storage.RelationalDatabase.SaveChangesAsync(IList`1 entries, CancellationToken cancellationToken)
   at Microsoft.EntityFrameworkCore.ChangeTracking.Internal.StateManager.SaveChangesAsync(IList`1 entriesToSave, CancellationToken cancellationToken)
   at Microsoft.EntityFrameworkCore.ChangeTracking.Internal.StateManager.SaveChangesAsync(StateManager stateManager, Boolean acceptAllChangesOnSuccess, CancellationToken cancellationToken)
   at Microsoft.EntityFrameworkCore.DbContext.SaveChangesAsync(Boolean acceptAllChangesOnSuccess, CancellationToken cancellationToken)
Microsoft.EntityFrameworkCore.DbUpdateException: An error occurred while saving the entity changes. See the inner exception for details.
 ---> Microsoft.Data.Sqlite.SqliteException (0x80004005): SQLite Error 19: 'FOREIGN KEY constraint failed'.
   at Microsoft.Data.Sqlite.SqliteException.ThrowExceptionForRC(Int32 rc, sqlite3 db)
   at Microsoft.Data.Sqlite.SqliteDataReader.NextResult()
   at Microsoft.Data.Sqlite.SqliteCommand.ExecuteReader(CommandBehavior behavior)
   at Microsoft.Data.Sqlite.SqliteCommand.ExecuteDbDataReaderAsync(CommandBehavior behavior, CancellationToken cancellationToken)
   at Microsoft.EntityFrameworkCore.Storage.RelationalCommand.ExecuteReaderAsync(RelationalCommandParameterObject parameterObject, CancellationToken cancellationToken)
   at Microsoft.EntityFrameworkCore.Storage.RelationalCommand.ExecuteReaderAsync(RelationalCommandParameterObject parameterObject, CancellationToken cancellationToken)
   at Microsoft.EntityFrameworkCore.Update.ReaderModificationCommandBatch.ExecuteAsync(IRelationalConnection connection, CancellationToken cancellationToken)
   --- End of inner exception stack trace ---
   at Microsoft.EntityFrameworkCore.Update.ReaderModificationCommandBatch.ExecuteAsync(IRelationalConnection connection, CancellationToken cancellationToken)
   at Microsoft.EntityFrameworkCore.Update.Internal.BatchExecutor.ExecuteAsync(IEnumerable`1 commandBatches, IRelationalConnection connection, CancellationToken cancellationToken)
   at Microsoft.EntityFrameworkCore.Update.Internal.BatchExecutor.ExecuteAsync(IEnumerable`1 commandBatches, IRelationalConnection connection, CancellationToken cancellationToken)
   at Microsoft.EntityFrameworkCore.Update.Internal.BatchExecutor.ExecuteAsync(IEnumerable`1 commandBatches, IRelationalConnection connection, CancellationToken cancellationToken)
   at Microsoft.EntityFrameworkCore.Storage.RelationalDatabase.SaveChangesAsync(IList`1 entries, CancellationToken cancellationToken)
   at Microsoft.EntityFrameworkCore.ChangeTracking.Internal.StateManager.SaveChangesAsync(IList`1 entriesToSave, CancellationToken cancellationToken)
   at Microsoft.EntityFrameworkCore.ChangeTracking.Internal.StateManager.SaveChangesAsync(StateManager stateManager, Boolean acceptAllChangesOnSuccess, CancellationToken cancellationToken)
   at Microsoft.EntityFrameworkCore.DbContext.SaveChangesAsync(Boolean acceptAllChangesOnSuccess, CancellationToken cancellationToken)
2026-04-30 16:42:29.505 -03:00 [ERR] HTTP POST /api/jogos/dfb09c9a-024d-4861-81c0-f50b28740044/presencas responded 500 in 6.6335 ms
Microsoft.EntityFrameworkCore.DbUpdateException: An error occurred while saving the entity changes. See the inner exception for details.
 ---> Microsoft.Data.Sqlite.SqliteException (0x80004005): SQLite Error 19: 'FOREIGN KEY constraint failed'.
   at Microsoft.Data.Sqlite.SqliteException.ThrowExceptionForRC(Int32 rc, sqlite3 db)
   at Microsoft.Data.Sqlite.SqliteDataReader.NextResult()
   at Microsoft.Data.Sqlite.SqliteCommand.ExecuteReader(CommandBehavior behavior)
   at Microsoft.Data.Sqlite.SqliteCommand.ExecuteDbDataReaderAsync(CommandBehavior behavior, CancellationToken cancellationToken)
   at Microsoft.EntityFrameworkCore.Storage.RelationalCommand.ExecuteReaderAsync(RelationalCommandParameterObject parameterObject, CancellationToken cancellationToken)
   at Microsoft.EntityFrameworkCore.Storage.RelationalCommand.ExecuteReaderAsync(RelationalCommandParameterObject parameterObject, CancellationToken cancellationToken)
   at Microsoft.EntityFrameworkCore.Update.ReaderModificationCommandBatch.ExecuteAsync(IRelationalConnection connection, CancellationToken cancellationToken)
   --- End of inner exception stack trace ---
   at Microsoft.EntityFrameworkCore.Update.ReaderModificationCommandBatch.ExecuteAsync(IRelationalConnection connection, CancellationToken cancellationToken)
   at Microsoft.EntityFrameworkCore.Update.Internal.BatchExecutor.ExecuteAsync(IEnumerable`1 commandBatches, IRelationalConnection connection, CancellationToken cancellationToken)
   at Microsoft.EntityFrameworkCore.Update.Internal.BatchExecutor.ExecuteAsync(IEnumerable`1 commandBatches, IRelationalConnection connection, CancellationToken cancellationToken)
   at Microsoft.EntityFrameworkCore.Update.Internal.BatchExecutor.ExecuteAsync(IEnumerable`1 commandBatches, IRelationalConnection connection, CancellationToken cancellationToken)
   at Microsoft.EntityFrameworkCore.Storage.RelationalDatabase.SaveChangesAsync(IList`1 entries, CancellationToken cancellationToken)
   at Microsoft.EntityFrameworkCore.ChangeTracking.Internal.StateManager.SaveChangesAsync(IList`1 entriesToSave, CancellationToken cancellationToken)
   at Microsoft.EntityFrameworkCore.ChangeTracking.Internal.StateManager.SaveChangesAsync(StateManager stateManager, Boolean acceptAllChangesOnSuccess, CancellationToken cancellationToken)
   at Microsoft.EntityFrameworkCore.DbContext.SaveChangesAsync(Boolean acceptAllChangesOnSuccess, CancellationToken cancellationToken)
   at Microsoft.EntityFrameworkCore.DbContext.SaveChangesAsync(Boolean acceptAllChangesOnSuccess, CancellationToken cancellationToken)
   at CaronaAlvinegra.Infrastructure.Repositories.UnitOfWork.CommitAsync(CancellationToken cancellationToken)
   at CaronaAlvinegra.Application.Services.PresencaAppService.MarcarPresencaAsync(Guid jogoId, MarcarPresencaRequest request, CancellationToken ct)
   at CaronaAlvinegra.Api.Endpoints.PresencaEndpoints.<>c.<<MapPresencaEndpoints>b__0_0>d.MoveNext() in c:\Users\dudsl\Documents\GitHub\sistema-organizacao-vans\src\CaronaAlvinegra.Api\Endpoints\PresencaEndpoints.cs:line 14
--- End of stack trace from previous location ---
   at Microsoft.AspNetCore.Http.RequestDelegateFactory.ExecuteTaskResult[T](Task`1 task, HttpContext httpContext)
   at Microsoft.AspNetCore.Http.RequestDelegateFactory.<>c__DisplayClass101_2.<<HandleRequestBodyAndCompileRequestDelegateForJson>b__2>d.MoveNext()
--- End of stack trace from previous location ---
   at Swashbuckle.AspNetCore.SwaggerUI.SwaggerUIMiddleware.Invoke(HttpContext httpContext)
   at Swashbuckle.AspNetCore.Swagger.SwaggerMiddleware.Invoke(HttpContext httpContext, ISwaggerProvider swaggerProvider)
   at Serilog.AspNetCore.RequestLoggingMiddleware.Invoke(HttpContext httpContext)
2026-04-30 16:42:29.508 -03:00 [ERR] Unhandled exception
Microsoft.EntityFrameworkCore.DbUpdateException: An error occurred while saving the entity changes. See the inner exception for details.
 ---> Microsoft.Data.Sqlite.SqliteException (0x80004005): SQLite Error 19: 'FOREIGN KEY constraint failed'.
   at Microsoft.Data.Sqlite.SqliteException.ThrowExceptionForRC(Int32 rc, sqlite3 db)
   at Microsoft.Data.Sqlite.SqliteDataReader.NextResult()
   at Microsoft.Data.Sqlite.SqliteCommand.ExecuteReader(CommandBehavior behavior)
   at Microsoft.Data.Sqlite.SqliteCommand.ExecuteDbDataReaderAsync(CommandBehavior behavior, CancellationToken cancellationToken)
   at Microsoft.EntityFrameworkCore.Storage.RelationalCommand.ExecuteReaderAsync(RelationalCommandParameterObject parameterObject, CancellationToken cancellationToken)
   at Microsoft.EntityFrameworkCore.Storage.RelationalCommand.ExecuteReaderAsync(RelationalCommandParameterObject parameterObject, CancellationToken cancellationToken)
   at Microsoft.EntityFrameworkCore.Update.ReaderModificationCommandBatch.ExecuteAsync(IRelationalConnection connection, CancellationToken cancellationToken)
   --- End of inner exception stack trace ---
   at Microsoft.EntityFrameworkCore.Update.ReaderModificationCommandBatch.ExecuteAsync(IRelationalConnection connection, CancellationToken cancellationToken)
   at Microsoft.EntityFrameworkCore.Update.Internal.BatchExecutor.ExecuteAsync(IEnumerable`1 commandBatches, IRelationalConnection connection, CancellationToken cancellationToken)
   at Microsoft.EntityFrameworkCore.Update.Internal.BatchExecutor.ExecuteAsync(IEnumerable`1 commandBatches, IRelationalConnection connection, CancellationToken cancellationToken)
   at Microsoft.EntityFrameworkCore.Update.Internal.BatchExecutor.ExecuteAsync(IEnumerable`1 commandBatches, IRelationalConnection connection, CancellationToken cancellationToken)
   at Microsoft.EntityFrameworkCore.Storage.RelationalDatabase.SaveChangesAsync(IList`1 entries, CancellationToken cancellationToken)
   at Microsoft.EntityFrameworkCore.ChangeTracking.Internal.StateManager.SaveChangesAsync(IList`1 entriesToSave, CancellationToken cancellationToken)
   at Microsoft.EntityFrameworkCore.ChangeTracking.Internal.StateManager.SaveChangesAsync(StateManager stateManager, Boolean acceptAllChangesOnSuccess, CancellationToken cancellationToken)
   at Microsoft.EntityFrameworkCore.DbContext.SaveChangesAsync(Boolean acceptAllChangesOnSuccess, CancellationToken cancellationToken)
   at Microsoft.EntityFrameworkCore.DbContext.SaveChangesAsync(Boolean acceptAllChangesOnSuccess, CancellationToken cancellationToken)
   at CaronaAlvinegra.Infrastructure.Repositories.UnitOfWork.CommitAsync(CancellationToken cancellationToken)
   at CaronaAlvinegra.Application.Services.PresencaAppService.MarcarPresencaAsync(Guid jogoId, MarcarPresencaRequest request, CancellationToken ct)
   at CaronaAlvinegra.Api.Endpoints.PresencaEndpoints.<>c.<<MapPresencaEndpoints>b__0_0>d.MoveNext() in c:\Users\dudsl\Documents\GitHub\sistema-organizacao-vans\src\CaronaAlvinegra.Api\Endpoints\PresencaEndpoints.cs:line 14
--- End of stack trace from previous location ---
   at Microsoft.AspNetCore.Http.RequestDelegateFactory.ExecuteTaskResult[T](Task`1 task, HttpContext httpContext)
   at Microsoft.AspNetCore.Http.RequestDelegateFactory.<>c__DisplayClass101_2.<<HandleRequestBodyAndCompileRequestDelegateForJson>b__2>d.MoveNext()
--- End of stack trace from previous location ---
   at Swashbuckle.AspNetCore.SwaggerUI.SwaggerUIMiddleware.Invoke(HttpContext httpContext)
   at Swashbuckle.AspNetCore.Swagger.SwaggerMiddleware.Invoke(HttpContext httpContext, ISwaggerProvider swaggerProvider)
   at Serilog.AspNetCore.RequestLoggingMiddleware.Invoke(HttpContext httpContext)
   at CaronaAlvinegra.Api.Middleware.ExceptionHandlingMiddleware.InvokeAsync(HttpContext context) in c:\Users\dudsl\Documents\GitHub\sistema-organizacao-vans\src\CaronaAlvinegra.Api\Middleware\ExceptionHandlingMiddleware.cs:line 22
2026-04-30 16:42:30.418 -03:00 [ERR] Failed executing DbCommand (0ms) [Parameters=[@p0='?' (DbType = Guid), @p1='?' (DbType = DateTime), @p2='?' (DbType = DateTime), @p3='?' (DbType = Guid), @p4='?' (Size = 12), @p5='?' (DbType = Guid), @p6='?' (DbType = Guid), @p7='?' (DbType = Guid)], CommandType='"Text"', CommandTimeout='30']
INSERT INTO "Passageiros" ("Id", "AtualizadoEm", "CriadoEm", "JogoId", "Nome", "PresencaId", "RotaId", "UsuarioId")
VALUES (@p0, @p1, @p2, @p3, @p4, @p5, @p6, @p7);
2026-04-30 16:42:30.419 -03:00 [ERR] An exception occurred in the database while saving changes for context type 'CaronaAlvinegra.Infrastructure.Data.AppDbContext'.
Microsoft.EntityFrameworkCore.DbUpdateException: An error occurred while saving the entity changes. See the inner exception for details.
 ---> Microsoft.Data.Sqlite.SqliteException (0x80004005): SQLite Error 19: 'FOREIGN KEY constraint failed'.
   at Microsoft.Data.Sqlite.SqliteException.ThrowExceptionForRC(Int32 rc, sqlite3 db)
   at Microsoft.Data.Sqlite.SqliteDataReader.NextResult()
   at Microsoft.Data.Sqlite.SqliteCommand.ExecuteReader(CommandBehavior behavior)
   at Microsoft.Data.Sqlite.SqliteCommand.ExecuteDbDataReaderAsync(CommandBehavior behavior, CancellationToken cancellationToken)
   at Microsoft.EntityFrameworkCore.Storage.RelationalCommand.ExecuteReaderAsync(RelationalCommandParameterObject parameterObject, CancellationToken cancellationToken)
   at Microsoft.EntityFrameworkCore.Storage.RelationalCommand.ExecuteReaderAsync(RelationalCommandParameterObject parameterObject, CancellationToken cancellationToken)
   at Microsoft.EntityFrameworkCore.Update.ReaderModificationCommandBatch.ExecuteAsync(IRelationalConnection connection, CancellationToken cancellationToken)
   --- End of inner exception stack trace ---
   at Microsoft.EntityFrameworkCore.Update.ReaderModificationCommandBatch.ExecuteAsync(IRelationalConnection connection, CancellationToken cancellationToken)
   at Microsoft.EntityFrameworkCore.Update.Internal.BatchExecutor.ExecuteAsync(IEnumerable`1 commandBatches, IRelationalConnection connection, CancellationToken cancellationToken)
   at Microsoft.EntityFrameworkCore.Update.Internal.BatchExecutor.ExecuteAsync(IEnumerable`1 commandBatches, IRelationalConnection connection, CancellationToken cancellationToken)
   at Microsoft.EntityFrameworkCore.Update.Internal.BatchExecutor.ExecuteAsync(IEnumerable`1 commandBatches, IRelationalConnection connection, CancellationToken cancellationToken)
   at Microsoft.EntityFrameworkCore.Storage.RelationalDatabase.SaveChangesAsync(IList`1 entries, CancellationToken cancellationToken)
   at Microsoft.EntityFrameworkCore.ChangeTracking.Internal.StateManager.SaveChangesAsync(IList`1 entriesToSave, CancellationToken cancellationToken)
   at Microsoft.EntityFrameworkCore.ChangeTracking.Internal.StateManager.SaveChangesAsync(StateManager stateManager, Boolean acceptAllChangesOnSuccess, CancellationToken cancellationToken)
   at Microsoft.EntityFrameworkCore.DbContext.SaveChangesAsync(Boolean acceptAllChangesOnSuccess, CancellationToken cancellationToken)
Microsoft.EntityFrameworkCore.DbUpdateException: An error occurred while saving the entity changes. See the inner exception for details.
 ---> Microsoft.Data.Sqlite.SqliteException (0x80004005): SQLite Error 19: 'FOREIGN KEY constraint failed'.
   at Microsoft.Data.Sqlite.SqliteException.ThrowExceptionForRC(Int32 rc, sqlite3 db)
   at Microsoft.Data.Sqlite.SqliteDataReader.NextResult()
   at Microsoft.Data.Sqlite.SqliteCommand.ExecuteReader(CommandBehavior behavior)
   at Microsoft.Data.Sqlite.SqliteCommand.ExecuteDbDataReaderAsync(CommandBehavior behavior, CancellationToken cancellationToken)
   at Microsoft.EntityFrameworkCore.Storage.RelationalCommand.ExecuteReaderAsync(RelationalCommandParameterObject parameterObject, CancellationToken cancellationToken)
   at Microsoft.EntityFrameworkCore.Storage.RelationalCommand.ExecuteReaderAsync(RelationalCommandParameterObject parameterObject, CancellationToken cancellationToken)
   at Microsoft.EntityFrameworkCore.Update.ReaderModificationCommandBatch.ExecuteAsync(IRelationalConnection connection, CancellationToken cancellationToken)
   --- End of inner exception stack trace ---
   at Microsoft.EntityFrameworkCore.Update.ReaderModificationCommandBatch.ExecuteAsync(IRelationalConnection connection, CancellationToken cancellationToken)
   at Microsoft.EntityFrameworkCore.Update.Internal.BatchExecutor.ExecuteAsync(IEnumerable`1 commandBatches, IRelationalConnection connection, CancellationToken cancellationToken)
   at Microsoft.EntityFrameworkCore.Update.Internal.BatchExecutor.ExecuteAsync(IEnumerable`1 commandBatches, IRelationalConnection connection, CancellationToken cancellationToken)
   at Microsoft.EntityFrameworkCore.Update.Internal.BatchExecutor.ExecuteAsync(IEnumerable`1 commandBatches, IRelationalConnection connection, CancellationToken cancellationToken)
   at Microsoft.EntityFrameworkCore.Storage.RelationalDatabase.SaveChangesAsync(IList`1 entries, CancellationToken cancellationToken)
   at Microsoft.EntityFrameworkCore.ChangeTracking.Internal.StateManager.SaveChangesAsync(IList`1 entriesToSave, CancellationToken cancellationToken)
   at Microsoft.EntityFrameworkCore.ChangeTracking.Internal.StateManager.SaveChangesAsync(StateManager stateManager, Boolean acceptAllChangesOnSuccess, CancellationToken cancellationToken)
   at Microsoft.EntityFrameworkCore.DbContext.SaveChangesAsync(Boolean acceptAllChangesOnSuccess, CancellationToken cancellationToken)
2026-04-30 16:42:30.421 -03:00 [ERR] HTTP POST /api/jogos/dfb09c9a-024d-4861-81c0-f50b28740044/presencas responded 500 in 5.5178 ms
Microsoft.EntityFrameworkCore.DbUpdateException: An error occurred while saving the entity changes. See the inner exception for details.
 ---> Microsoft.Data.Sqlite.SqliteException (0x80004005): SQLite Error 19: 'FOREIGN KEY constraint failed'.
   at Microsoft.Data.Sqlite.SqliteException.ThrowExceptionForRC(Int32 rc, sqlite3 db)
   at Microsoft.Data.Sqlite.SqliteDataReader.NextResult()
   at Microsoft.Data.Sqlite.SqliteCommand.ExecuteReader(CommandBehavior behavior)
   at Microsoft.Data.Sqlite.SqliteCommand.ExecuteDbDataReaderAsync(CommandBehavior behavior, CancellationToken cancellationToken)
   at Microsoft.EntityFrameworkCore.Storage.RelationalCommand.ExecuteReaderAsync(RelationalCommandParameterObject parameterObject, CancellationToken cancellationToken)
   at Microsoft.EntityFrameworkCore.Storage.RelationalCommand.ExecuteReaderAsync(RelationalCommandParameterObject parameterObject, CancellationToken cancellationToken)
   at Microsoft.EntityFrameworkCore.Update.ReaderModificationCommandBatch.ExecuteAsync(IRelationalConnection connection, CancellationToken cancellationToken)
   --- End of inner exception stack trace ---
   at Microsoft.EntityFrameworkCore.Update.ReaderModificationCommandBatch.ExecuteAsync(IRelationalConnection connection, CancellationToken cancellationToken)
   at Microsoft.EntityFrameworkCore.Update.Internal.BatchExecutor.ExecuteAsync(IEnumerable`1 commandBatches, IRelationalConnection connection, CancellationToken cancellationToken)
   at Microsoft.EntityFrameworkCore.Update.Internal.BatchExecutor.ExecuteAsync(IEnumerable`1 commandBatches, IRelationalConnection connection, CancellationToken cancellationToken)
   at Microsoft.EntityFrameworkCore.Update.Internal.BatchExecutor.ExecuteAsync(IEnumerable`1 commandBatches, IRelationalConnection connection, CancellationToken cancellationToken)
   at Microsoft.EntityFrameworkCore.Storage.RelationalDatabase.SaveChangesAsync(IList`1 entries, CancellationToken cancellationToken)
   at Microsoft.EntityFrameworkCore.ChangeTracking.Internal.StateManager.SaveChangesAsync(IList`1 entriesToSave, CancellationToken cancellationToken)
   at Microsoft.EntityFrameworkCore.ChangeTracking.Internal.StateManager.SaveChangesAsync(StateManager stateManager, Boolean acceptAllChangesOnSuccess, CancellationToken cancellationToken)
   at Microsoft.EntityFrameworkCore.DbContext.SaveChangesAsync(Boolean acceptAllChangesOnSuccess, CancellationToken cancellationToken)
   at Microsoft.EntityFrameworkCore.DbContext.SaveChangesAsync(Boolean acceptAllChangesOnSuccess, CancellationToken cancellationToken)
   at CaronaAlvinegra.Infrastructure.Repositories.UnitOfWork.CommitAsync(CancellationToken cancellationToken)
   at CaronaAlvinegra.Application.Services.PresencaAppService.MarcarPresencaAsync(Guid jogoId, MarcarPresencaRequest request, CancellationToken ct)
   at CaronaAlvinegra.Api.Endpoints.PresencaEndpoints.<>c.<<MapPresencaEndpoints>b__0_0>d.MoveNext() in c:\Users\dudsl\Documents\GitHub\sistema-organizacao-vans\src\CaronaAlvinegra.Api\Endpoints\PresencaEndpoints.cs:line 14
--- End of stack trace from previous location ---
   at Microsoft.AspNetCore.Http.RequestDelegateFactory.ExecuteTaskResult[T](Task`1 task, HttpContext httpContext)
   at Microsoft.AspNetCore.Http.RequestDelegateFactory.<>c__DisplayClass101_2.<<HandleRequestBodyAndCompileRequestDelegateForJson>b__2>d.MoveNext()
--- End of stack trace from previous location ---
   at Swashbuckle.AspNetCore.SwaggerUI.SwaggerUIMiddleware.Invoke(HttpContext httpContext)
   at Swashbuckle.AspNetCore.Swagger.SwaggerMiddleware.Invoke(HttpContext httpContext, ISwaggerProvider swaggerProvider)
   at Serilog.AspNetCore.RequestLoggingMiddleware.Invoke(HttpContext httpContext)
2026-04-30 16:42:30.422 -03:00 [ERR] Unhandled exception
Microsoft.EntityFrameworkCore.DbUpdateException: An error occurred while saving the entity changes. See the inner exception for details.
 ---> Microsoft.Data.Sqlite.SqliteException (0x80004005): SQLite Error 19: 'FOREIGN KEY constraint failed'.
   at Microsoft.Data.Sqlite.SqliteException.ThrowExceptionForRC(Int32 rc, sqlite3 db)
   at Microsoft.Data.Sqlite.SqliteDataReader.NextResult()
   at Microsoft.Data.Sqlite.SqliteCommand.ExecuteReader(CommandBehavior behavior)
   at Microsoft.Data.Sqlite.SqliteCommand.ExecuteDbDataReaderAsync(CommandBehavior behavior, CancellationToken cancellationToken)
   at Microsoft.EntityFrameworkCore.Storage.RelationalCommand.ExecuteReaderAsync(RelationalCommandParameterObject parameterObject, CancellationToken cancellationToken)
   at Microsoft.EntityFrameworkCore.Storage.RelationalCommand.ExecuteReaderAsync(RelationalCommandParameterObject parameterObject, CancellationToken cancellationToken)
   at Microsoft.EntityFrameworkCore.Update.ReaderModificationCommandBatch.ExecuteAsync(IRelationalConnection connection, CancellationToken cancellationToken)
   --- End of inner exception stack trace ---
   at Microsoft.EntityFrameworkCore.Update.ReaderModificationCommandBatch.ExecuteAsync(IRelationalConnection connection, CancellationToken cancellationToken)
   at Microsoft.EntityFrameworkCore.Update.Internal.BatchExecutor.ExecuteAsync(IEnumerable`1 commandBatches, IRelationalConnection connection, CancellationToken cancellationToken)
   at Microsoft.EntityFrameworkCore.Update.Internal.BatchExecutor.ExecuteAsync(IEnumerable`1 commandBatches, IRelationalConnection connection, CancellationToken cancellationToken)
   at Microsoft.EntityFrameworkCore.Update.Internal.BatchExecutor.ExecuteAsync(IEnumerable`1 commandBatches, IRelationalConnection connection, CancellationToken cancellationToken)
   at Microsoft.EntityFrameworkCore.Storage.RelationalDatabase.SaveChangesAsync(IList`1 entries, CancellationToken cancellationToken)
   at Microsoft.EntityFrameworkCore.ChangeTracking.Internal.StateManager.SaveChangesAsync(IList`1 entriesToSave, CancellationToken cancellationToken)
   at Microsoft.EntityFrameworkCore.ChangeTracking.Internal.StateManager.SaveChangesAsync(StateManager stateManager, Boolean acceptAllChangesOnSuccess, CancellationToken cancellationToken)
   at Microsoft.EntityFrameworkCore.DbContext.SaveChangesAsync(Boolean acceptAllChangesOnSuccess, CancellationToken cancellationToken)
   at Microsoft.EntityFrameworkCore.DbContext.SaveChangesAsync(Boolean acceptAllChangesOnSuccess, CancellationToken cancellationToken)
   at CaronaAlvinegra.Infrastructure.Repositories.UnitOfWork.CommitAsync(CancellationToken cancellationToken)
   at CaronaAlvinegra.Application.Services.PresencaAppService.MarcarPresencaAsync(Guid jogoId, MarcarPresencaRequest request, CancellationToken ct)
   at CaronaAlvinegra.Api.Endpoints.PresencaEndpoints.<>c.<<MapPresencaEndpoints>b__0_0>d.MoveNext() in c:\Users\dudsl\Documents\GitHub\sistema-organizacao-vans\src\CaronaAlvinegra.Api\Endpoints\PresencaEndpoints.cs:line 14
--- End of stack trace from previous location ---
   at Microsoft.AspNetCore.Http.RequestDelegateFactory.ExecuteTaskResult[T](Task`1 task, HttpContext httpContext)
   at Microsoft.AspNetCore.Http.RequestDelegateFactory.<>c__DisplayClass101_2.<<HandleRequestBodyAndCompileRequestDelegateForJson>b__2>d.MoveNext()
--- End of stack trace from previous location ---
   at Swashbuckle.AspNetCore.SwaggerUI.SwaggerUIMiddleware.Invoke(HttpContext httpContext)
   at Swashbuckle.AspNetCore.Swagger.SwaggerMiddleware.Invoke(HttpContext httpContext, ISwaggerProvider swaggerProvider)
   at Serilog.AspNetCore.RequestLoggingMiddleware.Invoke(HttpContext httpContext)
   at CaronaAlvinegra.Api.Middleware.ExceptionHandlingMiddleware.InvokeAsync(HttpContext context) in c:\Users\dudsl\Documents\GitHub\sistema-organizacao-vans\src\CaronaAlvinegra.Api\Middleware\ExceptionHandlingMiddleware.cs:line 22
2026-04-30 16:42:30.818 -03:00 [ERR] Failed executing DbCommand (0ms) [Parameters=[@p0='?' (DbType = Guid), @p1='?' (DbType = DateTime), @p2='?' (DbType = DateTime), @p3='?' (DbType = Guid), @p4='?' (Size = 12), @p5='?' (DbType = Guid), @p6='?' (DbType = Guid), @p7='?' (DbType = Guid)], CommandType='"Text"', CommandTimeout='30']
INSERT INTO "Passageiros" ("Id", "AtualizadoEm", "CriadoEm", "JogoId", "Nome", "PresencaId", "RotaId", "UsuarioId")
VALUES (@p0, @p1, @p2, @p3, @p4, @p5, @p6, @p7);
2026-04-30 16:42:30.819 -03:00 [ERR] An exception occurred in the database while saving changes for context type 'CaronaAlvinegra.Infrastructure.Data.AppDbContext'.
Microsoft.EntityFrameworkCore.DbUpdateException: An error occurred while saving the entity changes. See the inner exception for details.
 ---> Microsoft.Data.Sqlite.SqliteException (0x80004005): SQLite Error 19: 'FOREIGN KEY constraint failed'.
   at Microsoft.Data.Sqlite.SqliteException.ThrowExceptionForRC(Int32 rc, sqlite3 db)
   at Microsoft.Data.Sqlite.SqliteDataReader.NextResult()
   at Microsoft.Data.Sqlite.SqliteCommand.ExecuteReader(CommandBehavior behavior)
   at Microsoft.Data.Sqlite.SqliteCommand.ExecuteDbDataReaderAsync(CommandBehavior behavior, CancellationToken cancellationToken)
   at Microsoft.EntityFrameworkCore.Storage.RelationalCommand.ExecuteReaderAsync(RelationalCommandParameterObject parameterObject, CancellationToken cancellationToken)
   at Microsoft.EntityFrameworkCore.Storage.RelationalCommand.ExecuteReaderAsync(RelationalCommandParameterObject parameterObject, CancellationToken cancellationToken)
   at Microsoft.EntityFrameworkCore.Update.ReaderModificationCommandBatch.ExecuteAsync(IRelationalConnection connection, CancellationToken cancellationToken)
   --- End of inner exception stack trace ---
   at Microsoft.EntityFrameworkCore.Update.ReaderModificationCommandBatch.ExecuteAsync(IRelationalConnection connection, CancellationToken cancellationToken)
   at Microsoft.EntityFrameworkCore.Update.Internal.BatchExecutor.ExecuteAsync(IEnumerable`1 commandBatches, IRelationalConnection connection, CancellationToken cancellationToken)
   at Microsoft.EntityFrameworkCore.Update.Internal.BatchExecutor.ExecuteAsync(IEnumerable`1 commandBatches, IRelationalConnection connection, CancellationToken cancellationToken)
   at Microsoft.EntityFrameworkCore.Update.Internal.BatchExecutor.ExecuteAsync(IEnumerable`1 commandBatches, IRelationalConnection connection, CancellationToken cancellationToken)
   at Microsoft.EntityFrameworkCore.Storage.RelationalDatabase.SaveChangesAsync(IList`1 entries, CancellationToken cancellationToken)
   at Microsoft.EntityFrameworkCore.ChangeTracking.Internal.StateManager.SaveChangesAsync(IList`1 entriesToSave, CancellationToken cancellationToken)
   at Microsoft.EntityFrameworkCore.ChangeTracking.Internal.StateManager.SaveChangesAsync(StateManager stateManager, Boolean acceptAllChangesOnSuccess, CancellationToken cancellationToken)
   at Microsoft.EntityFrameworkCore.DbContext.SaveChangesAsync(Boolean acceptAllChangesOnSuccess, CancellationToken cancellationToken)
Microsoft.EntityFrameworkCore.DbUpdateException: An error occurred while saving the entity changes. See the inner exception for details.
 ---> Microsoft.Data.Sqlite.SqliteException (0x80004005): SQLite Error 19: 'FOREIGN KEY constraint failed'.
   at Microsoft.Data.Sqlite.SqliteException.ThrowExceptionForRC(Int32 rc, sqlite3 db)
   at Microsoft.Data.Sqlite.SqliteDataReader.NextResult()
   at Microsoft.Data.Sqlite.SqliteCommand.ExecuteReader(CommandBehavior behavior)
   at Microsoft.Data.Sqlite.SqliteCommand.ExecuteDbDataReaderAsync(CommandBehavior behavior, CancellationToken cancellationToken)
   at Microsoft.EntityFrameworkCore.Storage.RelationalCommand.ExecuteReaderAsync(RelationalCommandParameterObject parameterObject, CancellationToken cancellationToken)
   at Microsoft.EntityFrameworkCore.Storage.RelationalCommand.ExecuteReaderAsync(RelationalCommandParameterObject parameterObject, CancellationToken cancellationToken)
   at Microsoft.EntityFrameworkCore.Update.ReaderModificationCommandBatch.ExecuteAsync(IRelationalConnection connection, CancellationToken cancellationToken)
   --- End of inner exception stack trace ---
   at Microsoft.EntityFrameworkCore.Update.ReaderModificationCommandBatch.ExecuteAsync(IRelationalConnection connection, CancellationToken cancellationToken)
   at Microsoft.EntityFrameworkCore.Update.Internal.BatchExecutor.ExecuteAsync(IEnumerable`1 commandBatches, IRelationalConnection connection, CancellationToken cancellationToken)
   at Microsoft.EntityFrameworkCore.Update.Internal.BatchExecutor.ExecuteAsync(IEnumerable`1 commandBatches, IRelationalConnection connection, CancellationToken cancellationToken)
   at Microsoft.EntityFrameworkCore.Update.Internal.BatchExecutor.ExecuteAsync(IEnumerable`1 commandBatches, IRelationalConnection connection, CancellationToken cancellationToken)
   at Microsoft.EntityFrameworkCore.Storage.RelationalDatabase.SaveChangesAsync(IList`1 entries, CancellationToken cancellationToken)
   at Microsoft.EntityFrameworkCore.ChangeTracking.Internal.StateManager.SaveChangesAsync(IList`1 entriesToSave, CancellationToken cancellationToken)
   at Microsoft.EntityFrameworkCore.ChangeTracking.Internal.StateManager.SaveChangesAsync(StateManager stateManager, Boolean acceptAllChangesOnSuccess, CancellationToken cancellationToken)
   at Microsoft.EntityFrameworkCore.DbContext.SaveChangesAsync(Boolean acceptAllChangesOnSuccess, CancellationToken cancellationToken)
2026-04-30 16:42:30.821 -03:00 [ERR] HTTP POST /api/jogos/dfb09c9a-024d-4861-81c0-f50b28740044/presencas responded 500 in 5.4730 ms
Microsoft.EntityFrameworkCore.DbUpdateException: An error occurred while saving the entity changes. See the inner exception for details.
 ---> Microsoft.Data.Sqlite.SqliteException (0x80004005): SQLite Error 19: 'FOREIGN KEY constraint failed'.
   at Microsoft.Data.Sqlite.SqliteException.ThrowExceptionForRC(Int32 rc, sqlite3 db)
   at Microsoft.Data.Sqlite.SqliteDataReader.NextResult()
   at Microsoft.Data.Sqlite.SqliteCommand.ExecuteReader(CommandBehavior behavior)
   at Microsoft.Data.Sqlite.SqliteCommand.ExecuteDbDataReaderAsync(CommandBehavior behavior, CancellationToken cancellationToken)
   at Microsoft.EntityFrameworkCore.Storage.RelationalCommand.ExecuteReaderAsync(RelationalCommandParameterObject parameterObject, CancellationToken cancellationToken)
   at Microsoft.EntityFrameworkCore.Storage.RelationalCommand.ExecuteReaderAsync(RelationalCommandParameterObject parameterObject, CancellationToken cancellationToken)
   at Microsoft.EntityFrameworkCore.Update.ReaderModificationCommandBatch.ExecuteAsync(IRelationalConnection connection, CancellationToken cancellationToken)
   --- End of inner exception stack trace ---
   at Microsoft.EntityFrameworkCore.Update.ReaderModificationCommandBatch.ExecuteAsync(IRelationalConnection connection, CancellationToken cancellationToken)
   at Microsoft.EntityFrameworkCore.Update.Internal.BatchExecutor.ExecuteAsync(IEnumerable`1 commandBatches, IRelationalConnection connection, CancellationToken cancellationToken)
   at Microsoft.EntityFrameworkCore.Update.Internal.BatchExecutor.ExecuteAsync(IEnumerable`1 commandBatches, IRelationalConnection connection, CancellationToken cancellationToken)
   at Microsoft.EntityFrameworkCore.Update.Internal.BatchExecutor.ExecuteAsync(IEnumerable`1 commandBatches, IRelationalConnection connection, CancellationToken cancellationToken)
   at Microsoft.EntityFrameworkCore.Storage.RelationalDatabase.SaveChangesAsync(IList`1 entries, CancellationToken cancellationToken)
   at Microsoft.EntityFrameworkCore.ChangeTracking.Internal.StateManager.SaveChangesAsync(IList`1 entriesToSave, CancellationToken cancellationToken)
   at Microsoft.EntityFrameworkCore.ChangeTracking.Internal.StateManager.SaveChangesAsync(StateManager stateManager, Boolean acceptAllChangesOnSuccess, CancellationToken cancellationToken)
   at Microsoft.EntityFrameworkCore.DbContext.SaveChangesAsync(Boolean acceptAllChangesOnSuccess, CancellationToken cancellationToken)
   at Microsoft.EntityFrameworkCore.DbContext.SaveChangesAsync(Boolean acceptAllChangesOnSuccess, CancellationToken cancellationToken)
   at CaronaAlvinegra.Infrastructure.Repositories.UnitOfWork.CommitAsync(CancellationToken cancellationToken)
   at CaronaAlvinegra.Application.Services.PresencaAppService.MarcarPresencaAsync(Guid jogoId, MarcarPresencaRequest request, CancellationToken ct)
   at CaronaAlvinegra.Api.Endpoints.PresencaEndpoints.<>c.<<MapPresencaEndpoints>b__0_0>d.MoveNext() in c:\Users\dudsl\Documents\GitHub\sistema-organizacao-vans\src\CaronaAlvinegra.Api\Endpoints\PresencaEndpoints.cs:line 14
--- End of stack trace from previous location ---
   at Microsoft.AspNetCore.Http.RequestDelegateFactory.ExecuteTaskResult[T](Task`1 task, HttpContext httpContext)
   at Microsoft.AspNetCore.Http.RequestDelegateFactory.<>c__DisplayClass101_2.<<HandleRequestBodyAndCompileRequestDelegateForJson>b__2>d.MoveNext()
--- End of stack trace from previous location ---
   at Swashbuckle.AspNetCore.SwaggerUI.SwaggerUIMiddleware.Invoke(HttpContext httpContext)
   at Swashbuckle.AspNetCore.Swagger.SwaggerMiddleware.Invoke(HttpContext httpContext, ISwaggerProvider swaggerProvider)
   at Serilog.AspNetCore.RequestLoggingMiddleware.Invoke(HttpContext httpContext)
2026-04-30 16:42:30.822 -03:00 [ERR] Unhandled exception
Microsoft.EntityFrameworkCore.DbUpdateException: An error occurred while saving the entity changes. See the inner exception for details.
 ---> Microsoft.Data.Sqlite.SqliteException (0x80004005): SQLite Error 19: 'FOREIGN KEY constraint failed'.
   at Microsoft.Data.Sqlite.SqliteException.ThrowExceptionForRC(Int32 rc, sqlite3 db)
   at Microsoft.Data.Sqlite.SqliteDataReader.NextResult()
   at Microsoft.Data.Sqlite.SqliteCommand.ExecuteReader(CommandBehavior behavior)
   at Microsoft.Data.Sqlite.SqliteCommand.ExecuteDbDataReaderAsync(CommandBehavior behavior, CancellationToken cancellationToken)
   at Microsoft.EntityFrameworkCore.Storage.RelationalCommand.ExecuteReaderAsync(RelationalCommandParameterObject parameterObject, CancellationToken cancellationToken)
   at Microsoft.EntityFrameworkCore.Storage.RelationalCommand.ExecuteReaderAsync(RelationalCommandParameterObject parameterObject, CancellationToken cancellationToken)
   at Microsoft.EntityFrameworkCore.Update.ReaderModificationCommandBatch.ExecuteAsync(IRelationalConnection connection, CancellationToken cancellationToken)
   --- End of inner exception stack trace ---
   at Microsoft.EntityFrameworkCore.Update.ReaderModificationCommandBatch.ExecuteAsync(IRelationalConnection connection, CancellationToken cancellationToken)
   at Microsoft.EntityFrameworkCore.Update.Internal.BatchExecutor.ExecuteAsync(IEnumerable`1 commandBatches, IRelationalConnection connection, CancellationToken cancellationToken)
   at Microsoft.EntityFrameworkCore.Update.Internal.BatchExecutor.ExecuteAsync(IEnumerable`1 commandBatches, IRelationalConnection connection, CancellationToken cancellationToken)
   at Microsoft.EntityFrameworkCore.Update.Internal.BatchExecutor.ExecuteAsync(IEnumerable`1 commandBatches, IRelationalConnection connection, CancellationToken cancellationToken)
   at Microsoft.EntityFrameworkCore.Storage.RelationalDatabase.SaveChangesAsync(IList`1 entries, CancellationToken cancellationToken)
   at Microsoft.EntityFrameworkCore.ChangeTracking.Internal.StateManager.SaveChangesAsync(IList`1 entriesToSave, CancellationToken cancellationToken)
   at Microsoft.EntityFrameworkCore.ChangeTracking.Internal.StateManager.SaveChangesAsync(StateManager stateManager, Boolean acceptAllChangesOnSuccess, CancellationToken cancellationToken)
   at Microsoft.EntityFrameworkCore.DbContext.SaveChangesAsync(Boolean acceptAllChangesOnSuccess, CancellationToken cancellationToken)
   at Microsoft.EntityFrameworkCore.DbContext.SaveChangesAsync(Boolean acceptAllChangesOnSuccess, CancellationToken cancellationToken)
   at CaronaAlvinegra.Infrastructure.Repositories.UnitOfWork.CommitAsync(CancellationToken cancellationToken)
   at CaronaAlvinegra.Application.Services.PresencaAppService.MarcarPresencaAsync(Guid jogoId, MarcarPresencaRequest request, CancellationToken ct)
   at CaronaAlvinegra.Api.Endpoints.PresencaEndpoints.<>c.<<MapPresencaEndpoints>b__0_0>d.MoveNext() in c:\Users\dudsl\Documents\GitHub\sistema-organizacao-vans\src\CaronaAlvinegra.Api\Endpoints\PresencaEndpoints.cs:line 14
--- End of stack trace from previous location ---
   at Microsoft.AspNetCore.Http.RequestDelegateFactory.ExecuteTaskResult[T](Task`1 task, HttpContext httpContext)
   at Microsoft.AspNetCore.Http.RequestDelegateFactory.<>c__DisplayClass101_2.<<HandleRequestBodyAndCompileRequestDelegateForJson>b__2>d.MoveNext()
--- End of stack trace from previous location ---
   at Swashbuckle.AspNetCore.SwaggerUI.SwaggerUIMiddleware.Invoke(HttpContext httpContext)
   at Swashbuckle.AspNetCore.Swagger.SwaggerMiddleware.Invoke(HttpContext httpContext, ISwaggerProvider swaggerProvider)
   at Serilog.AspNetCore.RequestLoggingMiddleware.Invoke(HttpContext httpContext)
   at CaronaAlvinegra.Api.Middleware.ExceptionHandlingMiddleware.InvokeAsync(HttpContext context) in c:\Users\dudsl\Documents\GitHub\sistema-organizacao-vans\src\CaronaAlvinegra.Api\Middleware\ExceptionHandlingMiddleware.cs:line 22
2026-04-30 16:42:30.982 -03:00 [ERR] Failed executing DbCommand (0ms) [Parameters=[@p0='?' (DbType = Guid), @p1='?' (DbType = DateTime), @p2='?' (DbType = DateTime), @p3='?' (DbType = Guid), @p4='?' (Size = 12), @p5='?' (DbType = Guid), @p6='?' (DbType = Guid), @p7='?' (DbType = Guid)], CommandType='"Text"', CommandTimeout='30']
INSERT INTO "Passageiros" ("Id", "AtualizadoEm", "CriadoEm", "JogoId", "Nome", "PresencaId", "RotaId", "UsuarioId")
VALUES (@p0, @p1, @p2, @p3, @p4, @p5, @p6, @p7);
2026-04-30 16:42:30.983 -03:00 [ERR] An exception occurred in the database while saving changes for context type 'CaronaAlvinegra.Infrastructure.Data.AppDbContext'.
Microsoft.EntityFrameworkCore.DbUpdateException: An error occurred while saving the entity changes. See the inner exception for details.
 ---> Microsoft.Data.Sqlite.SqliteException (0x80004005): SQLite Error 19: 'FOREIGN KEY constraint failed'.
   at Microsoft.Data.Sqlite.SqliteException.ThrowExceptionForRC(Int32 rc, sqlite3 db)
   at Microsoft.Data.Sqlite.SqliteDataReader.NextResult()
   at Microsoft.Data.Sqlite.SqliteCommand.ExecuteReader(CommandBehavior behavior)
   at Microsoft.Data.Sqlite.SqliteCommand.ExecuteDbDataReaderAsync(CommandBehavior behavior, CancellationToken cancellationToken)
   at Microsoft.EntityFrameworkCore.Storage.RelationalCommand.ExecuteReaderAsync(RelationalCommandParameterObject parameterObject, CancellationToken cancellationToken)
   at Microsoft.EntityFrameworkCore.Storage.RelationalCommand.ExecuteReaderAsync(RelationalCommandParameterObject parameterObject, CancellationToken cancellationToken)
   at Microsoft.EntityFrameworkCore.Update.ReaderModificationCommandBatch.ExecuteAsync(IRelationalConnection connection, CancellationToken cancellationToken)
   --- End of inner exception stack trace ---
   at Microsoft.EntityFrameworkCore.Update.ReaderModificationCommandBatch.ExecuteAsync(IRelationalConnection connection, CancellationToken cancellationToken)
   at Microsoft.EntityFrameworkCore.Update.Internal.BatchExecutor.ExecuteAsync(IEnumerable`1 commandBatches, IRelationalConnection connection, CancellationToken cancellationToken)
   at Microsoft.EntityFrameworkCore.Update.Internal.BatchExecutor.ExecuteAsync(IEnumerable`1 commandBatches, IRelationalConnection connection, CancellationToken cancellationToken)
   at Microsoft.EntityFrameworkCore.Update.Internal.BatchExecutor.ExecuteAsync(IEnumerable`1 commandBatches, IRelationalConnection connection, CancellationToken cancellationToken)
   at Microsoft.EntityFrameworkCore.Storage.RelationalDatabase.SaveChangesAsync(IList`1 entries, CancellationToken cancellationToken)
   at Microsoft.EntityFrameworkCore.ChangeTracking.Internal.StateManager.SaveChangesAsync(IList`1 entriesToSave, CancellationToken cancellationToken)
   at Microsoft.EntityFrameworkCore.ChangeTracking.Internal.StateManager.SaveChangesAsync(StateManager stateManager, Boolean acceptAllChangesOnSuccess, CancellationToken cancellationToken)
   at Microsoft.EntityFrameworkCore.DbContext.SaveChangesAsync(Boolean acceptAllChangesOnSuccess, CancellationToken cancellationToken)
Microsoft.EntityFrameworkCore.DbUpdateException: An error occurred while saving the entity changes. See the inner exception for details.
 ---> Microsoft.Data.Sqlite.SqliteException (0x80004005): SQLite Error 19: 'FOREIGN KEY constraint failed'.
   at Microsoft.Data.Sqlite.SqliteException.ThrowExceptionForRC(Int32 rc, sqlite3 db)
   at Microsoft.Data.Sqlite.SqliteDataReader.NextResult()
   at Microsoft.Data.Sqlite.SqliteCommand.ExecuteReader(CommandBehavior behavior)
   at Microsoft.Data.Sqlite.SqliteCommand.ExecuteDbDataReaderAsync(CommandBehavior behavior, CancellationToken cancellationToken)
   at Microsoft.EntityFrameworkCore.Storage.RelationalCommand.ExecuteReaderAsync(RelationalCommandParameterObject parameterObject, CancellationToken cancellationToken)
   at Microsoft.EntityFrameworkCore.Storage.RelationalCommand.ExecuteReaderAsync(RelationalCommandParameterObject parameterObject, CancellationToken cancellationToken)
   at Microsoft.EntityFrameworkCore.Update.ReaderModificationCommandBatch.ExecuteAsync(IRelationalConnection connection, CancellationToken cancellationToken)
   --- End of inner exception stack trace ---
   at Microsoft.EntityFrameworkCore.Update.ReaderModificationCommandBatch.ExecuteAsync(IRelationalConnection connection, CancellationToken cancellationToken)
   at Microsoft.EntityFrameworkCore.Update.Internal.BatchExecutor.ExecuteAsync(IEnumerable`1 commandBatches, IRelationalConnection connection, CancellationToken cancellationToken)
   at Microsoft.EntityFrameworkCore.Update.Internal.BatchExecutor.ExecuteAsync(IEnumerable`1 commandBatches, IRelationalConnection connection, CancellationToken cancellationToken)
   at Microsoft.EntityFrameworkCore.Update.Internal.BatchExecutor.ExecuteAsync(IEnumerable`1 commandBatches, IRelationalConnection connection, CancellationToken cancellationToken)
   at Microsoft.EntityFrameworkCore.Storage.RelationalDatabase.SaveChangesAsync(IList`1 entries, CancellationToken cancellationToken)
   at Microsoft.EntityFrameworkCore.ChangeTracking.Internal.StateManager.SaveChangesAsync(IList`1 entriesToSave, CancellationToken cancellationToken)
   at Microsoft.EntityFrameworkCore.ChangeTracking.Internal.StateManager.SaveChangesAsync(StateManager stateManager, Boolean acceptAllChangesOnSuccess, CancellationToken cancellationToken)
   at Microsoft.EntityFrameworkCore.DbContext.SaveChangesAsync(Boolean acceptAllChangesOnSuccess, CancellationToken cancellationToken)
2026-04-30 16:42:30.985 -03:00 [ERR] HTTP POST /api/jogos/dfb09c9a-024d-4861-81c0-f50b28740044/presencas responded 500 in 5.7836 ms
Microsoft.EntityFrameworkCore.DbUpdateException: An error occurred while saving the entity changes. See the inner exception for details.
 ---> Microsoft.Data.Sqlite.SqliteException (0x80004005): SQLite Error 19: 'FOREIGN KEY constraint failed'.
   at Microsoft.Data.Sqlite.SqliteException.ThrowExceptionForRC(Int32 rc, sqlite3 db)
   at Microsoft.Data.Sqlite.SqliteDataReader.NextResult()
   at Microsoft.Data.Sqlite.SqliteCommand.ExecuteReader(CommandBehavior behavior)
   at Microsoft.Data.Sqlite.SqliteCommand.ExecuteDbDataReaderAsync(CommandBehavior behavior, CancellationToken cancellationToken)
   at Microsoft.EntityFrameworkCore.Storage.RelationalCommand.ExecuteReaderAsync(RelationalCommandParameterObject parameterObject, CancellationToken cancellationToken)
   at Microsoft.EntityFrameworkCore.Storage.RelationalCommand.ExecuteReaderAsync(RelationalCommandParameterObject parameterObject, CancellationToken cancellationToken)
   at Microsoft.EntityFrameworkCore.Update.ReaderModificationCommandBatch.ExecuteAsync(IRelationalConnection connection, CancellationToken cancellationToken)
   --- End of inner exception stack trace ---
   at Microsoft.EntityFrameworkCore.Update.ReaderModificationCommandBatch.ExecuteAsync(IRelationalConnection connection, CancellationToken cancellationToken)
   at Microsoft.EntityFrameworkCore.Update.Internal.BatchExecutor.ExecuteAsync(IEnumerable`1 commandBatches, IRelationalConnection connection, CancellationToken cancellationToken)
   at Microsoft.EntityFrameworkCore.Update.Internal.BatchExecutor.ExecuteAsync(IEnumerable`1 commandBatches, IRelationalConnection connection, CancellationToken cancellationToken)
   at Microsoft.EntityFrameworkCore.Update.Internal.BatchExecutor.ExecuteAsync(IEnumerable`1 commandBatches, IRelationalConnection connection, CancellationToken cancellationToken)
   at Microsoft.EntityFrameworkCore.Storage.RelationalDatabase.SaveChangesAsync(IList`1 entries, CancellationToken cancellationToken)
   at Microsoft.EntityFrameworkCore.ChangeTracking.Internal.StateManager.SaveChangesAsync(IList`1 entriesToSave, CancellationToken cancellationToken)
   at Microsoft.EntityFrameworkCore.ChangeTracking.Internal.StateManager.SaveChangesAsync(StateManager stateManager, Boolean acceptAllChangesOnSuccess, CancellationToken cancellationToken)
   at Microsoft.EntityFrameworkCore.DbContext.SaveChangesAsync(Boolean acceptAllChangesOnSuccess, CancellationToken cancellationToken)
   at Microsoft.EntityFrameworkCore.DbContext.SaveChangesAsync(Boolean acceptAllChangesOnSuccess, CancellationToken cancellationToken)
   at CaronaAlvinegra.Infrastructure.Repositories.UnitOfWork.CommitAsync(CancellationToken cancellationToken)
   at CaronaAlvinegra.Application.Services.PresencaAppService.MarcarPresencaAsync(Guid jogoId, MarcarPresencaRequest request, CancellationToken ct)
   at CaronaAlvinegra.Api.Endpoints.PresencaEndpoints.<>c.<<MapPresencaEndpoints>b__0_0>d.MoveNext() in c:\Users\dudsl\Documents\GitHub\sistema-organizacao-vans\src\CaronaAlvinegra.Api\Endpoints\PresencaEndpoints.cs:line 14
--- End of stack trace from previous location ---
   at Microsoft.AspNetCore.Http.RequestDelegateFactory.ExecuteTaskResult[T](Task`1 task, HttpContext httpContext)
   at Microsoft.AspNetCore.Http.RequestDelegateFactory.<>c__DisplayClass101_2.<<HandleRequestBodyAndCompileRequestDelegateForJson>b__2>d.MoveNext()
--- End of stack trace from previous location ---
   at Swashbuckle.AspNetCore.SwaggerUI.SwaggerUIMiddleware.Invoke(HttpContext httpContext)
   at Swashbuckle.AspNetCore.Swagger.SwaggerMiddleware.Invoke(HttpContext httpContext, ISwaggerProvider swaggerProvider)
   at Serilog.AspNetCore.RequestLoggingMiddleware.Invoke(HttpContext httpContext)
2026-04-30 16:42:30.986 -03:00 [ERR] Unhandled exception
Microsoft.EntityFrameworkCore.DbUpdateException: An error occurred while saving the entity changes. See the inner exception for details.
 ---> Microsoft.Data.Sqlite.SqliteException (0x80004005): SQLite Error 19: 'FOREIGN KEY constraint failed'.
   at Microsoft.Data.Sqlite.SqliteException.ThrowExceptionForRC(Int32 rc, sqlite3 db)
   at Microsoft.Data.Sqlite.SqliteDataReader.NextResult()
   at Microsoft.Data.Sqlite.SqliteCommand.ExecuteReader(CommandBehavior behavior)
   at Microsoft.Data.Sqlite.SqliteCommand.ExecuteDbDataReaderAsync(CommandBehavior behavior, CancellationToken cancellationToken)
   at Microsoft.EntityFrameworkCore.Storage.RelationalCommand.ExecuteReaderAsync(RelationalCommandParameterObject parameterObject, CancellationToken cancellationToken)
   at Microsoft.EntityFrameworkCore.Storage.RelationalCommand.ExecuteReaderAsync(RelationalCommandParameterObject parameterObject, CancellationToken cancellationToken)
   at Microsoft.EntityFrameworkCore.Update.ReaderModificationCommandBatch.ExecuteAsync(IRelationalConnection connection, CancellationToken cancellationToken)
   --- End of inner exception stack trace ---
   at Microsoft.EntityFrameworkCore.Update.ReaderModificationCommandBatch.ExecuteAsync(IRelationalConnection connection, CancellationToken cancellationToken)
   at Microsoft.EntityFrameworkCore.Update.Internal.BatchExecutor.ExecuteAsync(IEnumerable`1 commandBatches, IRelationalConnection connection, CancellationToken cancellationToken)
   at Microsoft.EntityFrameworkCore.Update.Internal.BatchExecutor.ExecuteAsync(IEnumerable`1 commandBatches, IRelationalConnection connection, CancellationToken cancellationToken)
   at Microsoft.EntityFrameworkCore.Update.Internal.BatchExecutor.ExecuteAsync(IEnumerable`1 commandBatches, IRelationalConnection connection, CancellationToken cancellationToken)
   at Microsoft.EntityFrameworkCore.Storage.RelationalDatabase.SaveChangesAsync(IList`1 entries, CancellationToken cancellationToken)
   at Microsoft.EntityFrameworkCore.ChangeTracking.Internal.StateManager.SaveChangesAsync(IList`1 entriesToSave, CancellationToken cancellationToken)
   at Microsoft.EntityFrameworkCore.ChangeTracking.Internal.StateManager.SaveChangesAsync(StateManager stateManager, Boolean acceptAllChangesOnSuccess, CancellationToken cancellationToken)
   at Microsoft.EntityFrameworkCore.DbContext.SaveChangesAsync(Boolean acceptAllChangesOnSuccess, CancellationToken cancellationToken)
   at Microsoft.EntityFrameworkCore.DbContext.SaveChangesAsync(Boolean acceptAllChangesOnSuccess, CancellationToken cancellationToken)
   at CaronaAlvinegra.Infrastructure.Repositories.UnitOfWork.CommitAsync(CancellationToken cancellationToken)
   at CaronaAlvinegra.Application.Services.PresencaAppService.MarcarPresencaAsync(Guid jogoId, MarcarPresencaRequest request, CancellationToken ct)
   at CaronaAlvinegra.Api.Endpoints.PresencaEndpoints.<>c.<<MapPresencaEndpoints>b__0_0>d.MoveNext() in c:\Users\dudsl\Documents\GitHub\sistema-organizacao-vans\src\CaronaAlvinegra.Api\Endpoints\PresencaEndpoints.cs:line 14
--- End of stack trace from previous location ---
   at Microsoft.AspNetCore.Http.RequestDelegateFactory.ExecuteTaskResult[T](Task`1 task, HttpContext httpContext)
   at Microsoft.AspNetCore.Http.RequestDelegateFactory.<>c__DisplayClass101_2.<<HandleRequestBodyAndCompileRequestDelegateForJson>b__2>d.MoveNext()
--- End of stack trace from previous location ---
   at Swashbuckle.AspNetCore.SwaggerUI.SwaggerUIMiddleware.Invoke(HttpContext httpContext)
   at Swashbuckle.AspNetCore.Swagger.SwaggerMiddleware.Invoke(HttpContext httpContext, ISwaggerProvider swaggerProvider)
   at Serilog.AspNetCore.RequestLoggingMiddleware.Invoke(HttpContext httpContext)
   at CaronaAlvinegra.Api.Middleware.ExceptionHandlingMiddleware.InvokeAsync(HttpContext context) in c:\Users\dudsl\Documents\GitHub\sistema-organizacao-vans\src\CaronaAlvinegra.Api\Middleware\ExceptionHandlingMiddleware.cs:line 22
2026-04-30 16:42:31.538 -03:00 [ERR] Failed executing DbCommand (0ms) [Parameters=[@p0='?' (DbType = Guid), @p1='?' (DbType = DateTime), @p2='?' (DbType = DateTime), @p3='?' (DbType = Guid), @p4='?' (Size = 12), @p5='?' (DbType = Guid), @p6='?' (DbType = Guid), @p7='?' (DbType = Guid)], CommandType='"Text"', CommandTimeout='30']
INSERT INTO "Passageiros" ("Id", "AtualizadoEm", "CriadoEm", "JogoId", "Nome", "PresencaId", "RotaId", "UsuarioId")
VALUES (@p0, @p1, @p2, @p3, @p4, @p5, @p6, @p7);
2026-04-30 16:42:31.540 -03:00 [ERR] An exception occurred in the database while saving changes for context type 'CaronaAlvinegra.Infrastructure.Data.AppDbContext'.
Microsoft.EntityFrameworkCore.DbUpdateException: An error occurred while saving the entity changes. See the inner exception for details.
 ---> Microsoft.Data.Sqlite.SqliteException (0x80004005): SQLite Error 19: 'FOREIGN KEY constraint failed'.
   at Microsoft.Data.Sqlite.SqliteException.ThrowExceptionForRC(Int32 rc, sqlite3 db)
   at Microsoft.Data.Sqlite.SqliteDataReader.NextResult()
   at Microsoft.Data.Sqlite.SqliteCommand.ExecuteReader(CommandBehavior behavior)
   at Microsoft.Data.Sqlite.SqliteCommand.ExecuteDbDataReaderAsync(CommandBehavior behavior, CancellationToken cancellationToken)
   at Microsoft.EntityFrameworkCore.Storage.RelationalCommand.ExecuteReaderAsync(RelationalCommandParameterObject parameterObject, CancellationToken cancellationToken)
   at Microsoft.EntityFrameworkCore.Storage.RelationalCommand.ExecuteReaderAsync(RelationalCommandParameterObject parameterObject, CancellationToken cancellationToken)
   at Microsoft.EntityFrameworkCore.Update.ReaderModificationCommandBatch.ExecuteAsync(IRelationalConnection connection, CancellationToken cancellationToken)
   --- End of inner exception stack trace ---
   at Microsoft.EntityFrameworkCore.Update.ReaderModificationCommandBatch.ExecuteAsync(IRelationalConnection connection, CancellationToken cancellationToken)
   at Microsoft.EntityFrameworkCore.Update.Internal.BatchExecutor.ExecuteAsync(IEnumerable`1 commandBatches, IRelationalConnection connection, CancellationToken cancellationToken)
   at Microsoft.EntityFrameworkCore.Update.Internal.BatchExecutor.ExecuteAsync(IEnumerable`1 commandBatches, IRelationalConnection connection, CancellationToken cancellationToken)
   at Microsoft.EntityFrameworkCore.Update.Internal.BatchExecutor.ExecuteAsync(IEnumerable`1 commandBatches, IRelationalConnection connection, CancellationToken cancellationToken)
   at Microsoft.EntityFrameworkCore.Storage.RelationalDatabase.SaveChangesAsync(IList`1 entries, CancellationToken cancellationToken)
   at Microsoft.EntityFrameworkCore.ChangeTracking.Internal.StateManager.SaveChangesAsync(IList`1 entriesToSave, CancellationToken cancellationToken)
   at Microsoft.EntityFrameworkCore.ChangeTracking.Internal.StateManager.SaveChangesAsync(StateManager stateManager, Boolean acceptAllChangesOnSuccess, CancellationToken cancellationToken)
   at Microsoft.EntityFrameworkCore.DbContext.SaveChangesAsync(Boolean acceptAllChangesOnSuccess, CancellationToken cancellationToken)
Microsoft.EntityFrameworkCore.DbUpdateException: An error occurred while saving the entity changes. See the inner exception for details.
 ---> Microsoft.Data.Sqlite.SqliteException (0x80004005): SQLite Error 19: 'FOREIGN KEY constraint failed'.
   at Microsoft.Data.Sqlite.SqliteException.ThrowExceptionForRC(Int32 rc, sqlite3 db)
   at Microsoft.Data.Sqlite.SqliteDataReader.NextResult()
   at Microsoft.Data.Sqlite.SqliteCommand.ExecuteReader(CommandBehavior behavior)
   at Microsoft.Data.Sqlite.SqliteCommand.ExecuteDbDataReaderAsync(CommandBehavior behavior, CancellationToken cancellationToken)
   at Microsoft.EntityFrameworkCore.Storage.RelationalCommand.ExecuteReaderAsync(RelationalCommandParameterObject parameterObject, CancellationToken cancellationToken)
   at Microsoft.EntityFrameworkCore.Storage.RelationalCommand.ExecuteReaderAsync(RelationalCommandParameterObject parameterObject, CancellationToken cancellationToken)
   at Microsoft.EntityFrameworkCore.Update.ReaderModificationCommandBatch.ExecuteAsync(IRelationalConnection connection, CancellationToken cancellationToken)
   --- End of inner exception stack trace ---
   at Microsoft.EntityFrameworkCore.Update.ReaderModificationCommandBatch.ExecuteAsync(IRelationalConnection connection, CancellationToken cancellationToken)
   at Microsoft.EntityFrameworkCore.Update.Internal.BatchExecutor.ExecuteAsync(IEnumerable`1 commandBatches, IRelationalConnection connection, CancellationToken cancellationToken)
   at Microsoft.EntityFrameworkCore.Update.Internal.BatchExecutor.ExecuteAsync(IEnumerable`1 commandBatches, IRelationalConnection connection, CancellationToken cancellationToken)
   at Microsoft.EntityFrameworkCore.Update.Internal.BatchExecutor.ExecuteAsync(IEnumerable`1 commandBatches, IRelationalConnection connection, CancellationToken cancellationToken)
   at Microsoft.EntityFrameworkCore.Storage.RelationalDatabase.SaveChangesAsync(IList`1 entries, CancellationToken cancellationToken)
   at Microsoft.EntityFrameworkCore.ChangeTracking.Internal.StateManager.SaveChangesAsync(IList`1 entriesToSave, CancellationToken cancellationToken)
   at Microsoft.EntityFrameworkCore.ChangeTracking.Internal.StateManager.SaveChangesAsync(StateManager stateManager, Boolean acceptAllChangesOnSuccess, CancellationToken cancellationToken)
   at Microsoft.EntityFrameworkCore.DbContext.SaveChangesAsync(Boolean acceptAllChangesOnSuccess, CancellationToken cancellationToken)
2026-04-30 16:42:31.541 -03:00 [ERR] HTTP POST /api/jogos/dfb09c9a-024d-4861-81c0-f50b28740044/presencas responded 500 in 5.4633 ms
Microsoft.EntityFrameworkCore.DbUpdateException: An error occurred while saving the entity changes. See the inner exception for details.
 ---> Microsoft.Data.Sqlite.SqliteException (0x80004005): SQLite Error 19: 'FOREIGN KEY constraint failed'.
   at Microsoft.Data.Sqlite.SqliteException.ThrowExceptionForRC(Int32 rc, sqlite3 db)
   at Microsoft.Data.Sqlite.SqliteDataReader.NextResult()
   at Microsoft.Data.Sqlite.SqliteCommand.ExecuteReader(CommandBehavior behavior)
   at Microsoft.Data.Sqlite.SqliteCommand.ExecuteDbDataReaderAsync(CommandBehavior behavior, CancellationToken cancellationToken)
   at Microsoft.EntityFrameworkCore.Storage.RelationalCommand.ExecuteReaderAsync(RelationalCommandParameterObject parameterObject, CancellationToken cancellationToken)
   at Microsoft.EntityFrameworkCore.Storage.RelationalCommand.ExecuteReaderAsync(RelationalCommandParameterObject parameterObject, CancellationToken cancellationToken)
   at Microsoft.EntityFrameworkCore.Update.ReaderModificationCommandBatch.ExecuteAsync(IRelationalConnection connection, CancellationToken cancellationToken)
   --- End of inner exception stack trace ---
   at Microsoft.EntityFrameworkCore.Update.ReaderModificationCommandBatch.ExecuteAsync(IRelationalConnection connection, CancellationToken cancellationToken)
   at Microsoft.EntityFrameworkCore.Update.Internal.BatchExecutor.ExecuteAsync(IEnumerable`1 commandBatches, IRelationalConnection connection, CancellationToken cancellationToken)
   at Microsoft.EntityFrameworkCore.Update.Internal.BatchExecutor.ExecuteAsync(IEnumerable`1 commandBatches, IRelationalConnection connection, CancellationToken cancellationToken)
   at Microsoft.EntityFrameworkCore.Update.Internal.BatchExecutor.ExecuteAsync(IEnumerable`1 commandBatches, IRelationalConnection connection, CancellationToken cancellationToken)
   at Microsoft.EntityFrameworkCore.Storage.RelationalDatabase.SaveChangesAsync(IList`1 entries, CancellationToken cancellationToken)
   at Microsoft.EntityFrameworkCore.ChangeTracking.Internal.StateManager.SaveChangesAsync(IList`1 entriesToSave, CancellationToken cancellationToken)
   at Microsoft.EntityFrameworkCore.ChangeTracking.Internal.StateManager.SaveChangesAsync(StateManager stateManager, Boolean acceptAllChangesOnSuccess, CancellationToken cancellationToken)
   at Microsoft.EntityFrameworkCore.DbContext.SaveChangesAsync(Boolean acceptAllChangesOnSuccess, CancellationToken cancellationToken)
   at Microsoft.EntityFrameworkCore.DbContext.SaveChangesAsync(Boolean acceptAllChangesOnSuccess, CancellationToken cancellationToken)
   at CaronaAlvinegra.Infrastructure.Repositories.UnitOfWork.CommitAsync(CancellationToken cancellationToken)
   at CaronaAlvinegra.Application.Services.PresencaAppService.MarcarPresencaAsync(Guid jogoId, MarcarPresencaRequest request, CancellationToken ct)
   at CaronaAlvinegra.Api.Endpoints.PresencaEndpoints.<>c.<<MapPresencaEndpoints>b__0_0>d.MoveNext() in c:\Users\dudsl\Documents\GitHub\sistema-organizacao-vans\src\CaronaAlvinegra.Api\Endpoints\PresencaEndpoints.cs:line 14
--- End of stack trace from previous location ---
   at Microsoft.AspNetCore.Http.RequestDelegateFactory.ExecuteTaskResult[T](Task`1 task, HttpContext httpContext)
   at Microsoft.AspNetCore.Http.RequestDelegateFactory.<>c__DisplayClass101_2.<<HandleRequestBodyAndCompileRequestDelegateForJson>b__2>d.MoveNext()
--- End of stack trace from previous location ---
   at Swashbuckle.AspNetCore.SwaggerUI.SwaggerUIMiddleware.Invoke(HttpContext httpContext)
   at Swashbuckle.AspNetCore.Swagger.SwaggerMiddleware.Invoke(HttpContext httpContext, ISwaggerProvider swaggerProvider)
   at Serilog.AspNetCore.RequestLoggingMiddleware.Invoke(HttpContext httpContext)
2026-04-30 16:42:31.542 -03:00 [ERR] Unhandled exception
Microsoft.EntityFrameworkCore.DbUpdateException: An error occurred while saving the entity changes. See the inner exception for details.
 ---> Microsoft.Data.Sqlite.SqliteException (0x80004005): SQLite Error 19: 'FOREIGN KEY constraint failed'.
   at Microsoft.Data.Sqlite.SqliteException.ThrowExceptionForRC(Int32 rc, sqlite3 db)
   at Microsoft.Data.Sqlite.SqliteDataReader.NextResult()
   at Microsoft.Data.Sqlite.SqliteCommand.ExecuteReader(CommandBehavior behavior)
   at Microsoft.Data.Sqlite.SqliteCommand.ExecuteDbDataReaderAsync(CommandBehavior behavior, CancellationToken cancellationToken)
   at Microsoft.EntityFrameworkCore.Storage.RelationalCommand.ExecuteReaderAsync(RelationalCommandParameterObject parameterObject, CancellationToken cancellationToken)
   at Microsoft.EntityFrameworkCore.Storage.RelationalCommand.ExecuteReaderAsync(RelationalCommandParameterObject parameterObject, CancellationToken cancellationToken)
   at Microsoft.EntityFrameworkCore.Update.ReaderModificationCommandBatch.ExecuteAsync(IRelationalConnection connection, CancellationToken cancellationToken)
   --- End of inner exception stack trace ---
   at Microsoft.EntityFrameworkCore.Update.ReaderModificationCommandBatch.ExecuteAsync(IRelationalConnection connection, CancellationToken cancellationToken)
   at Microsoft.EntityFrameworkCore.Update.Internal.BatchExecutor.ExecuteAsync(IEnumerable`1 commandBatches, IRelationalConnection connection, CancellationToken cancellationToken)
   at Microsoft.EntityFrameworkCore.Update.Internal.BatchExecutor.ExecuteAsync(IEnumerable`1 commandBatches, IRelationalConnection connection, CancellationToken cancellationToken)
   at Microsoft.EntityFrameworkCore.Update.Internal.BatchExecutor.ExecuteAsync(IEnumerable`1 commandBatches, IRelationalConnection connection, CancellationToken cancellationToken)
   at Microsoft.EntityFrameworkCore.Storage.RelationalDatabase.SaveChangesAsync(IList`1 entries, CancellationToken cancellationToken)
   at Microsoft.EntityFrameworkCore.ChangeTracking.Internal.StateManager.SaveChangesAsync(IList`1 entriesToSave, CancellationToken cancellationToken)
   at Microsoft.EntityFrameworkCore.ChangeTracking.Internal.StateManager.SaveChangesAsync(StateManager stateManager, Boolean acceptAllChangesOnSuccess, CancellationToken cancellationToken)
   at Microsoft.EntityFrameworkCore.DbContext.SaveChangesAsync(Boolean acceptAllChangesOnSuccess, CancellationToken cancellationToken)
   at Microsoft.EntityFrameworkCore.DbContext.SaveChangesAsync(Boolean acceptAllChangesOnSuccess, CancellationToken cancellationToken)
   at CaronaAlvinegra.Infrastructure.Repositories.UnitOfWork.CommitAsync(CancellationToken cancellationToken)
   at CaronaAlvinegra.Application.Services.PresencaAppService.MarcarPresencaAsync(Guid jogoId, MarcarPresencaRequest request, CancellationToken ct)
   at CaronaAlvinegra.Api.Endpoints.PresencaEndpoints.<>c.<<MapPresencaEndpoints>b__0_0>d.MoveNext() in c:\Users\dudsl\Documents\GitHub\sistema-organizacao-vans\src\CaronaAlvinegra.Api\Endpoints\PresencaEndpoints.cs:line 14
--- End of stack trace from previous location ---
   at Microsoft.AspNetCore.Http.RequestDelegateFactory.ExecuteTaskResult[T](Task`1 task, HttpContext httpContext)
   at Microsoft.AspNetCore.Http.RequestDelegateFactory.<>c__DisplayClass101_2.<<HandleRequestBodyAndCompileRequestDelegateForJson>b__2>d.MoveNext()
--- End of stack trace from previous location ---
   at Swashbuckle.AspNetCore.SwaggerUI.SwaggerUIMiddleware.Invoke(HttpContext httpContext)
   at Swashbuckle.AspNetCore.Swagger.SwaggerMiddleware.Invoke(HttpContext httpContext, ISwaggerProvider swaggerProvider)
   at Serilog.AspNetCore.RequestLoggingMiddleware.Invoke(HttpContext httpContext)
   at CaronaAlvinegra.Api.Middleware.ExceptionHandlingMiddleware.InvokeAsync(HttpContext context) in c:\Users\dudsl\Documents\GitHub\sistema-organizacao-vans\src\CaronaAlvinegra.Api\Middleware\ExceptionHandlingMiddleware.cs:line 22
2026-04-30 16:42:32.057 -03:00 [ERR] Failed executing DbCommand (0ms) [Parameters=[@p0='?' (DbType = Guid), @p1='?' (DbType = DateTime), @p2='?' (DbType = DateTime), @p3='?' (DbType = Guid), @p4='?' (Size = 12), @p5='?' (DbType = Guid), @p6='?' (DbType = Guid), @p7='?' (DbType = Guid)], CommandType='"Text"', CommandTimeout='30']
INSERT INTO "Passageiros" ("Id", "AtualizadoEm", "CriadoEm", "JogoId", "Nome", "PresencaId", "RotaId", "UsuarioId")
VALUES (@p0, @p1, @p2, @p3, @p4, @p5, @p6, @p7);
2026-04-30 16:42:32.058 -03:00 [ERR] An exception occurred in the database while saving changes for context type 'CaronaAlvinegra.Infrastructure.Data.AppDbContext'.
Microsoft.EntityFrameworkCore.DbUpdateException: An error occurred while saving the entity changes. See the inner exception for details.
 ---> Microsoft.Data.Sqlite.SqliteException (0x80004005): SQLite Error 19: 'FOREIGN KEY constraint failed'.
   at Microsoft.Data.Sqlite.SqliteException.ThrowExceptionForRC(Int32 rc, sqlite3 db)
   at Microsoft.Data.Sqlite.SqliteDataReader.NextResult()
   at Microsoft.Data.Sqlite.SqliteCommand.ExecuteReader(CommandBehavior behavior)
   at Microsoft.Data.Sqlite.SqliteCommand.ExecuteDbDataReaderAsync(CommandBehavior behavior, CancellationToken cancellationToken)
   at Microsoft.EntityFrameworkCore.Storage.RelationalCommand.ExecuteReaderAsync(RelationalCommandParameterObject parameterObject, CancellationToken cancellationToken)
   at Microsoft.EntityFrameworkCore.Storage.RelationalCommand.ExecuteReaderAsync(RelationalCommandParameterObject parameterObject, CancellationToken cancellationToken)
   at Microsoft.EntityFrameworkCore.Update.ReaderModificationCommandBatch.ExecuteAsync(IRelationalConnection connection, CancellationToken cancellationToken)
   --- End of inner exception stack trace ---
   at Microsoft.EntityFrameworkCore.Update.ReaderModificationCommandBatch.ExecuteAsync(IRelationalConnection connection, CancellationToken cancellationToken)
   at Microsoft.EntityFrameworkCore.Update.Internal.BatchExecutor.ExecuteAsync(IEnumerable`1 commandBatches, IRelationalConnection connection, CancellationToken cancellationToken)
   at Microsoft.EntityFrameworkCore.Update.Internal.BatchExecutor.ExecuteAsync(IEnumerable`1 commandBatches, IRelationalConnection connection, CancellationToken cancellationToken)
   at Microsoft.EntityFrameworkCore.Update.Internal.BatchExecutor.ExecuteAsync(IEnumerable`1 commandBatches, IRelationalConnection connection, CancellationToken cancellationToken)
   at Microsoft.EntityFrameworkCore.Storage.RelationalDatabase.SaveChangesAsync(IList`1 entries, CancellationToken cancellationToken)
   at Microsoft.EntityFrameworkCore.ChangeTracking.Internal.StateManager.SaveChangesAsync(IList`1 entriesToSave, CancellationToken cancellationToken)
   at Microsoft.EntityFrameworkCore.ChangeTracking.Internal.StateManager.SaveChangesAsync(StateManager stateManager, Boolean acceptAllChangesOnSuccess, CancellationToken cancellationToken)
   at Microsoft.EntityFrameworkCore.DbContext.SaveChangesAsync(Boolean acceptAllChangesOnSuccess, CancellationToken cancellationToken)
Microsoft.EntityFrameworkCore.DbUpdateException: An error occurred while saving the entity changes. See the inner exception for details.
 ---> Microsoft.Data.Sqlite.SqliteException (0x80004005): SQLite Error 19: 'FOREIGN KEY constraint failed'.
   at Microsoft.Data.Sqlite.SqliteException.ThrowExceptionForRC(Int32 rc, sqlite3 db)
   at Microsoft.Data.Sqlite.SqliteDataReader.NextResult()
   at Microsoft.Data.Sqlite.SqliteCommand.ExecuteReader(CommandBehavior behavior)
   at Microsoft.Data.Sqlite.SqliteCommand.ExecuteDbDataReaderAsync(CommandBehavior behavior, CancellationToken cancellationToken)
   at Microsoft.EntityFrameworkCore.Storage.RelationalCommand.ExecuteReaderAsync(RelationalCommandParameterObject parameterObject, CancellationToken cancellationToken)
   at Microsoft.EntityFrameworkCore.Storage.RelationalCommand.ExecuteReaderAsync(RelationalCommandParameterObject parameterObject, CancellationToken cancellationToken)
   at Microsoft.EntityFrameworkCore.Update.ReaderModificationCommandBatch.ExecuteAsync(IRelationalConnection connection, CancellationToken cancellationToken)
   --- End of inner exception stack trace ---
   at Microsoft.EntityFrameworkCore.Update.ReaderModificationCommandBatch.ExecuteAsync(IRelationalConnection connection, CancellationToken cancellationToken)
   at Microsoft.EntityFrameworkCore.Update.Internal.BatchExecutor.ExecuteAsync(IEnumerable`1 commandBatches, IRelationalConnection connection, CancellationToken cancellationToken)
   at Microsoft.EntityFrameworkCore.Update.Internal.BatchExecutor.ExecuteAsync(IEnumerable`1 commandBatches, IRelationalConnection connection, CancellationToken cancellationToken)
   at Microsoft.EntityFrameworkCore.Update.Internal.BatchExecutor.ExecuteAsync(IEnumerable`1 commandBatches, IRelationalConnection connection, CancellationToken cancellationToken)
   at Microsoft.EntityFrameworkCore.Storage.RelationalDatabase.SaveChangesAsync(IList`1 entries, CancellationToken cancellationToken)
   at Microsoft.EntityFrameworkCore.ChangeTracking.Internal.StateManager.SaveChangesAsync(IList`1 entriesToSave, CancellationToken cancellationToken)
   at Microsoft.EntityFrameworkCore.ChangeTracking.Internal.StateManager.SaveChangesAsync(StateManager stateManager, Boolean acceptAllChangesOnSuccess, CancellationToken cancellationToken)
   at Microsoft.EntityFrameworkCore.DbContext.SaveChangesAsync(Boolean acceptAllChangesOnSuccess, CancellationToken cancellationToken)
2026-04-30 16:42:32.060 -03:00 [ERR] HTTP POST /api/jogos/dfb09c9a-024d-4861-81c0-f50b28740044/presencas responded 500 in 5.2615 ms
Microsoft.EntityFrameworkCore.DbUpdateException: An error occurred while saving the entity changes. See the inner exception for details.
 ---> Microsoft.Data.Sqlite.SqliteException (0x80004005): SQLite Error 19: 'FOREIGN KEY constraint failed'.
   at Microsoft.Data.Sqlite.SqliteException.ThrowExceptionForRC(Int32 rc, sqlite3 db)
   at Microsoft.Data.Sqlite.SqliteDataReader.NextResult()
   at Microsoft.Data.Sqlite.SqliteCommand.ExecuteReader(CommandBehavior behavior)
   at Microsoft.Data.Sqlite.SqliteCommand.ExecuteDbDataReaderAsync(CommandBehavior behavior, CancellationToken cancellationToken)
   at Microsoft.EntityFrameworkCore.Storage.RelationalCommand.ExecuteReaderAsync(RelationalCommandParameterObject parameterObject, CancellationToken cancellationToken)
   at Microsoft.EntityFrameworkCore.Storage.RelationalCommand.ExecuteReaderAsync(RelationalCommandParameterObject parameterObject, CancellationToken cancellationToken)
   at Microsoft.EntityFrameworkCore.Update.ReaderModificationCommandBatch.ExecuteAsync(IRelationalConnection connection, CancellationToken cancellationToken)
   --- End of inner exception stack trace ---
   at Microsoft.EntityFrameworkCore.Update.ReaderModificationCommandBatch.ExecuteAsync(IRelationalConnection connection, CancellationToken cancellationToken)
   at Microsoft.EntityFrameworkCore.Update.Internal.BatchExecutor.ExecuteAsync(IEnumerable`1 commandBatches, IRelationalConnection connection, CancellationToken cancellationToken)
   at Microsoft.EntityFrameworkCore.Update.Internal.BatchExecutor.ExecuteAsync(IEnumerable`1 commandBatches, IRelationalConnection connection, CancellationToken cancellationToken)
   at Microsoft.EntityFrameworkCore.Update.Internal.BatchExecutor.ExecuteAsync(IEnumerable`1 commandBatches, IRelationalConnection connection, CancellationToken cancellationToken)
   at Microsoft.EntityFrameworkCore.Storage.RelationalDatabase.SaveChangesAsync(IList`1 entries, CancellationToken cancellationToken)
   at Microsoft.EntityFrameworkCore.ChangeTracking.Internal.StateManager.SaveChangesAsync(IList`1 entriesToSave, CancellationToken cancellationToken)
   at Microsoft.EntityFrameworkCore.ChangeTracking.Internal.StateManager.SaveChangesAsync(StateManager stateManager, Boolean acceptAllChangesOnSuccess, CancellationToken cancellationToken)
   at Microsoft.EntityFrameworkCore.DbContext.SaveChangesAsync(Boolean acceptAllChangesOnSuccess, CancellationToken cancellationToken)
   at Microsoft.EntityFrameworkCore.DbContext.SaveChangesAsync(Boolean acceptAllChangesOnSuccess, CancellationToken cancellationToken)
   at CaronaAlvinegra.Infrastructure.Repositories.UnitOfWork.CommitAsync(CancellationToken cancellationToken)
   at CaronaAlvinegra.Application.Services.PresencaAppService.MarcarPresencaAsync(Guid jogoId, MarcarPresencaRequest request, CancellationToken ct)
   at CaronaAlvinegra.Api.Endpoints.PresencaEndpoints.<>c.<<MapPresencaEndpoints>b__0_0>d.MoveNext() in c:\Users\dudsl\Documents\GitHub\sistema-organizacao-vans\src\CaronaAlvinegra.Api\Endpoints\PresencaEndpoints.cs:line 14
--- End of stack trace from previous location ---
   at Microsoft.AspNetCore.Http.RequestDelegateFactory.ExecuteTaskResult[T](Task`1 task, HttpContext httpContext)
   at Microsoft.AspNetCore.Http.RequestDelegateFactory.<>c__DisplayClass101_2.<<HandleRequestBodyAndCompileRequestDelegateForJson>b__2>d.MoveNext()
--- End of stack trace from previous location ---
   at Swashbuckle.AspNetCore.SwaggerUI.SwaggerUIMiddleware.Invoke(HttpContext httpContext)
   at Swashbuckle.AspNetCore.Swagger.SwaggerMiddleware.Invoke(HttpContext httpContext, ISwaggerProvider swaggerProvider)
   at Serilog.AspNetCore.RequestLoggingMiddleware.Invoke(HttpContext httpContext)
2026-04-30 16:42:32.061 -03:00 [ERR] Unhandled exception
Microsoft.EntityFrameworkCore.DbUpdateException: An error occurred while saving the entity changes. See the inner exception for details.
 ---> Microsoft.Data.Sqlite.SqliteException (0x80004005): SQLite Error 19: 'FOREIGN KEY constraint failed'.
   at Microsoft.Data.Sqlite.SqliteException.ThrowExceptionForRC(Int32 rc, sqlite3 db)
   at Microsoft.Data.Sqlite.SqliteDataReader.NextResult()
   at Microsoft.Data.Sqlite.SqliteCommand.ExecuteReader(CommandBehavior behavior)
   at Microsoft.Data.Sqlite.SqliteCommand.ExecuteDbDataReaderAsync(CommandBehavior behavior, CancellationToken cancellationToken)
   at Microsoft.EntityFrameworkCore.Storage.RelationalCommand.ExecuteReaderAsync(RelationalCommandParameterObject parameterObject, CancellationToken cancellationToken)
   at Microsoft.EntityFrameworkCore.Storage.RelationalCommand.ExecuteReaderAsync(RelationalCommandParameterObject parameterObject, CancellationToken cancellationToken)
   at Microsoft.EntityFrameworkCore.Update.ReaderModificationCommandBatch.ExecuteAsync(IRelationalConnection connection, CancellationToken cancellationToken)
   --- End of inner exception stack trace ---
   at Microsoft.EntityFrameworkCore.Update.ReaderModificationCommandBatch.ExecuteAsync(IRelationalConnection connection, CancellationToken cancellationToken)
   at Microsoft.EntityFrameworkCore.Update.Internal.BatchExecutor.ExecuteAsync(IEnumerable`1 commandBatches, IRelationalConnection connection, CancellationToken cancellationToken)
   at Microsoft.EntityFrameworkCore.Update.Internal.BatchExecutor.ExecuteAsync(IEnumerable`1 commandBatches, IRelationalConnection connection, CancellationToken cancellationToken)
   at Microsoft.EntityFrameworkCore.Update.Internal.BatchExecutor.ExecuteAsync(IEnumerable`1 commandBatches, IRelationalConnection connection, CancellationToken cancellationToken)
   at Microsoft.EntityFrameworkCore.Storage.RelationalDatabase.SaveChangesAsync(IList`1 entries, CancellationToken cancellationToken)
   at Microsoft.EntityFrameworkCore.ChangeTracking.Internal.StateManager.SaveChangesAsync(IList`1 entriesToSave, CancellationToken cancellationToken)
   at Microsoft.EntityFrameworkCore.ChangeTracking.Internal.StateManager.SaveChangesAsync(StateManager stateManager, Boolean acceptAllChangesOnSuccess, CancellationToken cancellationToken)
   at Microsoft.EntityFrameworkCore.DbContext.SaveChangesAsync(Boolean acceptAllChangesOnSuccess, CancellationToken cancellationToken)
   at Microsoft.EntityFrameworkCore.DbContext.SaveChangesAsync(Boolean acceptAllChangesOnSuccess, CancellationToken cancellationToken)
   at CaronaAlvinegra.Infrastructure.Repositories.UnitOfWork.CommitAsync(CancellationToken cancellationToken)
   at CaronaAlvinegra.Application.Services.PresencaAppService.MarcarPresencaAsync(Guid jogoId, MarcarPresencaRequest request, CancellationToken ct)
   at CaronaAlvinegra.Api.Endpoints.PresencaEndpoints.<>c.<<MapPresencaEndpoints>b__0_0>d.MoveNext() in c:\Users\dudsl\Documents\GitHub\sistema-organizacao-vans\src\CaronaAlvinegra.Api\Endpoints\PresencaEndpoints.cs:line 14
--- End of stack trace from previous location ---
   at Microsoft.AspNetCore.Http.RequestDelegateFactory.ExecuteTaskResult[T](Task`1 task, HttpContext httpContext)
   at Microsoft.AspNetCore.Http.RequestDelegateFactory.<>c__DisplayClass101_2.<<HandleRequestBodyAndCompileRequestDelegateForJson>b__2>d.MoveNext()
--- End of stack trace from previous location ---
   at Swashbuckle.AspNetCore.SwaggerUI.SwaggerUIMiddleware.Invoke(HttpContext httpContext)
   at Swashbuckle.AspNetCore.Swagger.SwaggerMiddleware.Invoke(HttpContext httpContext, ISwaggerProvider swaggerProvider)
   at Serilog.AspNetCore.RequestLoggingMiddleware.Invoke(HttpContext httpContext)
   at CaronaAlvinegra.Api.Middleware.ExceptionHandlingMiddleware.InvokeAsync(HttpContext context) in c:\Users\dudsl\Documents\GitHub\sistema-organizacao-vans\src\CaronaAlvinegra.Api\Middleware\ExceptionHandlingMiddleware.cs:line 22
2026-04-30 16:42:32.199 -03:00 [ERR] Failed executing DbCommand (0ms) [Parameters=[@p0='?' (DbType = Guid), @p1='?' (DbType = DateTime), @p2='?' (DbType = DateTime), @p3='?' (DbType = Guid), @p4='?' (Size = 12), @p5='?' (DbType = Guid), @p6='?' (DbType = Guid), @p7='?' (DbType = Guid)], CommandType='"Text"', CommandTimeout='30']
INSERT INTO "Passageiros" ("Id", "AtualizadoEm", "CriadoEm", "JogoId", "Nome", "PresencaId", "RotaId", "UsuarioId")
VALUES (@p0, @p1, @p2, @p3, @p4, @p5, @p6, @p7);
2026-04-30 16:42:32.201 -03:00 [ERR] An exception occurred in the database while saving changes for context type 'CaronaAlvinegra.Infrastructure.Data.AppDbContext'.
Microsoft.EntityFrameworkCore.DbUpdateException: An error occurred while saving the entity changes. See the inner exception for details.
 ---> Microsoft.Data.Sqlite.SqliteException (0x80004005): SQLite Error 19: 'FOREIGN KEY constraint failed'.
   at Microsoft.Data.Sqlite.SqliteException.ThrowExceptionForRC(Int32 rc, sqlite3 db)
   at Microsoft.Data.Sqlite.SqliteDataReader.NextResult()
   at Microsoft.Data.Sqlite.SqliteCommand.ExecuteReader(CommandBehavior behavior)
   at Microsoft.Data.Sqlite.SqliteCommand.ExecuteDbDataReaderAsync(CommandBehavior behavior, CancellationToken cancellationToken)
   at Microsoft.EntityFrameworkCore.Storage.RelationalCommand.ExecuteReaderAsync(RelationalCommandParameterObject parameterObject, CancellationToken cancellationToken)
   at Microsoft.EntityFrameworkCore.Storage.RelationalCommand.ExecuteReaderAsync(RelationalCommandParameterObject parameterObject, CancellationToken cancellationToken)
   at Microsoft.EntityFrameworkCore.Update.ReaderModificationCommandBatch.ExecuteAsync(IRelationalConnection connection, CancellationToken cancellationToken)
   --- End of inner exception stack trace ---
   at Microsoft.EntityFrameworkCore.Update.ReaderModificationCommandBatch.ExecuteAsync(IRelationalConnection connection, CancellationToken cancellationToken)
   at Microsoft.EntityFrameworkCore.Update.Internal.BatchExecutor.ExecuteAsync(IEnumerable`1 commandBatches, IRelationalConnection connection, CancellationToken cancellationToken)
   at Microsoft.EntityFrameworkCore.Update.Internal.BatchExecutor.ExecuteAsync(IEnumerable`1 commandBatches, IRelationalConnection connection, CancellationToken cancellationToken)
   at Microsoft.EntityFrameworkCore.Update.Internal.BatchExecutor.ExecuteAsync(IEnumerable`1 commandBatches, IRelationalConnection connection, CancellationToken cancellationToken)
   at Microsoft.EntityFrameworkCore.Storage.RelationalDatabase.SaveChangesAsync(IList`1 entries, CancellationToken cancellationToken)
   at Microsoft.EntityFrameworkCore.ChangeTracking.Internal.StateManager.SaveChangesAsync(IList`1 entriesToSave, CancellationToken cancellationToken)
   at Microsoft.EntityFrameworkCore.ChangeTracking.Internal.StateManager.SaveChangesAsync(StateManager stateManager, Boolean acceptAllChangesOnSuccess, CancellationToken cancellationToken)
   at Microsoft.EntityFrameworkCore.DbContext.SaveChangesAsync(Boolean acceptAllChangesOnSuccess, CancellationToken cancellationToken)
Microsoft.EntityFrameworkCore.DbUpdateException: An error occurred while saving the entity changes. See the inner exception for details.
 ---> Microsoft.Data.Sqlite.SqliteException (0x80004005): SQLite Error 19: 'FOREIGN KEY constraint failed'.
   at Microsoft.Data.Sqlite.SqliteException.ThrowExceptionForRC(Int32 rc, sqlite3 db)
   at Microsoft.Data.Sqlite.SqliteDataReader.NextResult()
   at Microsoft.Data.Sqlite.SqliteCommand.ExecuteReader(CommandBehavior behavior)
   at Microsoft.Data.Sqlite.SqliteCommand.ExecuteDbDataReaderAsync(CommandBehavior behavior, CancellationToken cancellationToken)
   at Microsoft.EntityFrameworkCore.Storage.RelationalCommand.ExecuteReaderAsync(RelationalCommandParameterObject parameterObject, CancellationToken cancellationToken)
   at Microsoft.EntityFrameworkCore.Storage.RelationalCommand.ExecuteReaderAsync(RelationalCommandParameterObject parameterObject, CancellationToken cancellationToken)
   at Microsoft.EntityFrameworkCore.Update.ReaderModificationCommandBatch.ExecuteAsync(IRelationalConnection connection, CancellationToken cancellationToken)
   --- End of inner exception stack trace ---
   at Microsoft.EntityFrameworkCore.Update.ReaderModificationCommandBatch.ExecuteAsync(IRelationalConnection connection, CancellationToken cancellationToken)
   at Microsoft.EntityFrameworkCore.Update.Internal.BatchExecutor.ExecuteAsync(IEnumerable`1 commandBatches, IRelationalConnection connection, CancellationToken cancellationToken)
   at Microsoft.EntityFrameworkCore.Update.Internal.BatchExecutor.ExecuteAsync(IEnumerable`1 commandBatches, IRelationalConnection connection, CancellationToken cancellationToken)
   at Microsoft.EntityFrameworkCore.Update.Internal.BatchExecutor.ExecuteAsync(IEnumerable`1 commandBatches, IRelationalConnection connection, CancellationToken cancellationToken)
   at Microsoft.EntityFrameworkCore.Storage.RelationalDatabase.SaveChangesAsync(IList`1 entries, CancellationToken cancellationToken)
   at Microsoft.EntityFrameworkCore.ChangeTracking.Internal.StateManager.SaveChangesAsync(IList`1 entriesToSave, CancellationToken cancellationToken)
   at Microsoft.EntityFrameworkCore.ChangeTracking.Internal.StateManager.SaveChangesAsync(StateManager stateManager, Boolean acceptAllChangesOnSuccess, CancellationToken cancellationToken)
   at Microsoft.EntityFrameworkCore.DbContext.SaveChangesAsync(Boolean acceptAllChangesOnSuccess, CancellationToken cancellationToken)
2026-04-30 16:42:32.202 -03:00 [ERR] HTTP POST /api/jogos/dfb09c9a-024d-4861-81c0-f50b28740044/presencas responded 500 in 5.1468 ms
Microsoft.EntityFrameworkCore.DbUpdateException: An error occurred while saving the entity changes. See the inner exception for details.
 ---> Microsoft.Data.Sqlite.SqliteException (0x80004005): SQLite Error 19: 'FOREIGN KEY constraint failed'.
   at Microsoft.Data.Sqlite.SqliteException.ThrowExceptionForRC(Int32 rc, sqlite3 db)
   at Microsoft.Data.Sqlite.SqliteDataReader.NextResult()
   at Microsoft.Data.Sqlite.SqliteCommand.ExecuteReader(CommandBehavior behavior)
   at Microsoft.Data.Sqlite.SqliteCommand.ExecuteDbDataReaderAsync(CommandBehavior behavior, CancellationToken cancellationToken)
   at Microsoft.EntityFrameworkCore.Storage.RelationalCommand.ExecuteReaderAsync(RelationalCommandParameterObject parameterObject, CancellationToken cancellationToken)
   at Microsoft.EntityFrameworkCore.Storage.RelationalCommand.ExecuteReaderAsync(RelationalCommandParameterObject parameterObject, CancellationToken cancellationToken)
   at Microsoft.EntityFrameworkCore.Update.ReaderModificationCommandBatch.ExecuteAsync(IRelationalConnection connection, CancellationToken cancellationToken)
   --- End of inner exception stack trace ---
   at Microsoft.EntityFrameworkCore.Update.ReaderModificationCommandBatch.ExecuteAsync(IRelationalConnection connection, CancellationToken cancellationToken)
   at Microsoft.EntityFrameworkCore.Update.Internal.BatchExecutor.ExecuteAsync(IEnumerable`1 commandBatches, IRelationalConnection connection, CancellationToken cancellationToken)
   at Microsoft.EntityFrameworkCore.Update.Internal.BatchExecutor.ExecuteAsync(IEnumerable`1 commandBatches, IRelationalConnection connection, CancellationToken cancellationToken)
   at Microsoft.EntityFrameworkCore.Update.Internal.BatchExecutor.ExecuteAsync(IEnumerable`1 commandBatches, IRelationalConnection connection, CancellationToken cancellationToken)
   at Microsoft.EntityFrameworkCore.Storage.RelationalDatabase.SaveChangesAsync(IList`1 entries, CancellationToken cancellationToken)
   at Microsoft.EntityFrameworkCore.ChangeTracking.Internal.StateManager.SaveChangesAsync(IList`1 entriesToSave, CancellationToken cancellationToken)
   at Microsoft.EntityFrameworkCore.ChangeTracking.Internal.StateManager.SaveChangesAsync(StateManager stateManager, Boolean acceptAllChangesOnSuccess, CancellationToken cancellationToken)
   at Microsoft.EntityFrameworkCore.DbContext.SaveChangesAsync(Boolean acceptAllChangesOnSuccess, CancellationToken cancellationToken)
   at Microsoft.EntityFrameworkCore.DbContext.SaveChangesAsync(Boolean acceptAllChangesOnSuccess, CancellationToken cancellationToken)
   at CaronaAlvinegra.Infrastructure.Repositories.UnitOfWork.CommitAsync(CancellationToken cancellationToken)
   at CaronaAlvinegra.Application.Services.PresencaAppService.MarcarPresencaAsync(Guid jogoId, MarcarPresencaRequest request, CancellationToken ct)
   at CaronaAlvinegra.Api.Endpoints.PresencaEndpoints.<>c.<<MapPresencaEndpoints>b__0_0>d.MoveNext() in c:\Users\dudsl\Documents\GitHub\sistema-organizacao-vans\src\CaronaAlvinegra.Api\Endpoints\PresencaEndpoints.cs:line 14
--- End of stack trace from previous location ---
   at Microsoft.AspNetCore.Http.RequestDelegateFactory.ExecuteTaskResult[T](Task`1 task, HttpContext httpContext)
   at Microsoft.AspNetCore.Http.RequestDelegateFactory.<>c__DisplayClass101_2.<<HandleRequestBodyAndCompileRequestDelegateForJson>b__2>d.MoveNext()
--- End of stack trace from previous location ---
   at Swashbuckle.AspNetCore.SwaggerUI.SwaggerUIMiddleware.Invoke(HttpContext httpContext)
   at Swashbuckle.AspNetCore.Swagger.SwaggerMiddleware.Invoke(HttpContext httpContext, ISwaggerProvider swaggerProvider)
   at Serilog.AspNetCore.RequestLoggingMiddleware.Invoke(HttpContext httpContext)
2026-04-30 16:42:32.205 -03:00 [ERR] Unhandled exception
Microsoft.EntityFrameworkCore.DbUpdateException: An error occurred while saving the entity changes. See the inner exception for details.
 ---> Microsoft.Data.Sqlite.SqliteException (0x80004005): SQLite Error 19: 'FOREIGN KEY constraint failed'.
   at Microsoft.Data.Sqlite.SqliteException.ThrowExceptionForRC(Int32 rc, sqlite3 db)
   at Microsoft.Data.Sqlite.SqliteDataReader.NextResult()
   at Microsoft.Data.Sqlite.SqliteCommand.ExecuteReader(CommandBehavior behavior)
   at Microsoft.Data.Sqlite.SqliteCommand.ExecuteDbDataReaderAsync(CommandBehavior behavior, CancellationToken cancellationToken)
   at Microsoft.EntityFrameworkCore.Storage.RelationalCommand.ExecuteReaderAsync(RelationalCommandParameterObject parameterObject, CancellationToken cancellationToken)
   at Microsoft.EntityFrameworkCore.Storage.RelationalCommand.ExecuteReaderAsync(RelationalCommandParameterObject parameterObject, CancellationToken cancellationToken)
   at Microsoft.EntityFrameworkCore.Update.ReaderModificationCommandBatch.ExecuteAsync(IRelationalConnection connection, CancellationToken cancellationToken)
   --- End of inner exception stack trace ---
   at Microsoft.EntityFrameworkCore.Update.ReaderModificationCommandBatch.ExecuteAsync(IRelationalConnection connection, CancellationToken cancellationToken)
   at Microsoft.EntityFrameworkCore.Update.Internal.BatchExecutor.ExecuteAsync(IEnumerable`1 commandBatches, IRelationalConnection connection, CancellationToken cancellationToken)
   at Microsoft.EntityFrameworkCore.Update.Internal.BatchExecutor.ExecuteAsync(IEnumerable`1 commandBatches, IRelationalConnection connection, CancellationToken cancellationToken)
   at Microsoft.EntityFrameworkCore.Update.Internal.BatchExecutor.ExecuteAsync(IEnumerable`1 commandBatches, IRelationalConnection connection, CancellationToken cancellationToken)
   at Microsoft.EntityFrameworkCore.Storage.RelationalDatabase.SaveChangesAsync(IList`1 entries, CancellationToken cancellationToken)
   at Microsoft.EntityFrameworkCore.ChangeTracking.Internal.StateManager.SaveChangesAsync(IList`1 entriesToSave, CancellationToken cancellationToken)
   at Microsoft.EntityFrameworkCore.ChangeTracking.Internal.StateManager.SaveChangesAsync(StateManager stateManager, Boolean acceptAllChangesOnSuccess, CancellationToken cancellationToken)
   at Microsoft.EntityFrameworkCore.DbContext.SaveChangesAsync(Boolean acceptAllChangesOnSuccess, CancellationToken cancellationToken)
   at Microsoft.EntityFrameworkCore.DbContext.SaveChangesAsync(Boolean acceptAllChangesOnSuccess, CancellationToken cancellationToken)
   at CaronaAlvinegra.Infrastructure.Repositories.UnitOfWork.CommitAsync(CancellationToken cancellationToken)
   at CaronaAlvinegra.Application.Services.PresencaAppService.MarcarPresencaAsync(Guid jogoId, MarcarPresencaRequest request, CancellationToken ct)
   at CaronaAlvinegra.Api.Endpoints.PresencaEndpoints.<>c.<<MapPresencaEndpoints>b__0_0>d.MoveNext() in c:\Users\dudsl\Documents\GitHub\sistema-organizacao-vans\src\CaronaAlvinegra.Api\Endpoints\PresencaEndpoints.cs:line 14
--- End of stack trace from previous location ---
   at Microsoft.AspNetCore.Http.RequestDelegateFactory.ExecuteTaskResult[T](Task`1 task, HttpContext httpContext)
   at Microsoft.AspNetCore.Http.RequestDelegateFactory.<>c__DisplayClass101_2.<<HandleRequestBodyAndCompileRequestDelegateForJson>b__2>d.MoveNext()
--- End of stack trace from previous location ---
   at Swashbuckle.AspNetCore.SwaggerUI.SwaggerUIMiddleware.Invoke(HttpContext httpContext)
   at Swashbuckle.AspNetCore.Swagger.SwaggerMiddleware.Invoke(HttpContext httpContext, ISwaggerProvider swaggerProvider)
   at Serilog.AspNetCore.RequestLoggingMiddleware.Invoke(HttpContext httpContext)
   at CaronaAlvinegra.Api.Middleware.ExceptionHandlingMiddleware.InvokeAsync(HttpContext context) in c:\Users\dudsl\Documents\GitHub\sistema-organizacao-vans\src\CaronaAlvinegra.Api\Middleware\ExceptionHandlingMiddleware.cs:line 22
2026-04-30 16:42:32.787 -03:00 [ERR] Failed executing DbCommand (0ms) [Parameters=[@p0='?' (DbType = Guid), @p1='?' (DbType = DateTime), @p2='?' (DbType = DateTime), @p3='?' (DbType = Guid), @p4='?' (Size = 12), @p5='?' (DbType = Guid), @p6='?' (DbType = Guid), @p7='?' (DbType = Guid)], CommandType='"Text"', CommandTimeout='30']
INSERT INTO "Passageiros" ("Id", "AtualizadoEm", "CriadoEm", "JogoId", "Nome", "PresencaId", "RotaId", "UsuarioId")
VALUES (@p0, @p1, @p2, @p3, @p4, @p5, @p6, @p7);
2026-04-30 16:42:32.789 -03:00 [ERR] An exception occurred in the database while saving changes for context type 'CaronaAlvinegra.Infrastructure.Data.AppDbContext'.
Microsoft.EntityFrameworkCore.DbUpdateException: An error occurred while saving the entity changes. See the inner exception for details.
 ---> Microsoft.Data.Sqlite.SqliteException (0x80004005): SQLite Error 19: 'FOREIGN KEY constraint failed'.
   at Microsoft.Data.Sqlite.SqliteException.ThrowExceptionForRC(Int32 rc, sqlite3 db)
   at Microsoft.Data.Sqlite.SqliteDataReader.NextResult()
   at Microsoft.Data.Sqlite.SqliteCommand.ExecuteReader(CommandBehavior behavior)
   at Microsoft.Data.Sqlite.SqliteCommand.ExecuteDbDataReaderAsync(CommandBehavior behavior, CancellationToken cancellationToken)
   at Microsoft.EntityFrameworkCore.Storage.RelationalCommand.ExecuteReaderAsync(RelationalCommandParameterObject parameterObject, CancellationToken cancellationToken)
   at Microsoft.EntityFrameworkCore.Storage.RelationalCommand.ExecuteReaderAsync(RelationalCommandParameterObject parameterObject, CancellationToken cancellationToken)
   at Microsoft.EntityFrameworkCore.Update.ReaderModificationCommandBatch.ExecuteAsync(IRelationalConnection connection, CancellationToken cancellationToken)
   --- End of inner exception stack trace ---
   at Microsoft.EntityFrameworkCore.Update.ReaderModificationCommandBatch.ExecuteAsync(IRelationalConnection connection, CancellationToken cancellationToken)
   at Microsoft.EntityFrameworkCore.Update.Internal.BatchExecutor.ExecuteAsync(IEnumerable`1 commandBatches, IRelationalConnection connection, CancellationToken cancellationToken)
   at Microsoft.EntityFrameworkCore.Update.Internal.BatchExecutor.ExecuteAsync(IEnumerable`1 commandBatches, IRelationalConnection connection, CancellationToken cancellationToken)
   at Microsoft.EntityFrameworkCore.Update.Internal.BatchExecutor.ExecuteAsync(IEnumerable`1 commandBatches, IRelationalConnection connection, CancellationToken cancellationToken)
   at Microsoft.EntityFrameworkCore.Storage.RelationalDatabase.SaveChangesAsync(IList`1 entries, CancellationToken cancellationToken)
   at Microsoft.EntityFrameworkCore.ChangeTracking.Internal.StateManager.SaveChangesAsync(IList`1 entriesToSave, CancellationToken cancellationToken)
   at Microsoft.EntityFrameworkCore.ChangeTracking.Internal.StateManager.SaveChangesAsync(StateManager stateManager, Boolean acceptAllChangesOnSuccess, CancellationToken cancellationToken)
   at Microsoft.EntityFrameworkCore.DbContext.SaveChangesAsync(Boolean acceptAllChangesOnSuccess, CancellationToken cancellationToken)
Microsoft.EntityFrameworkCore.DbUpdateException: An error occurred while saving the entity changes. See the inner exception for details.
 ---> Microsoft.Data.Sqlite.SqliteException (0x80004005): SQLite Error 19: 'FOREIGN KEY constraint failed'.
   at Microsoft.Data.Sqlite.SqliteException.ThrowExceptionForRC(Int32 rc, sqlite3 db)
   at Microsoft.Data.Sqlite.SqliteDataReader.NextResult()
   at Microsoft.Data.Sqlite.SqliteCommand.ExecuteReader(CommandBehavior behavior)
   at Microsoft.Data.Sqlite.SqliteCommand.ExecuteDbDataReaderAsync(CommandBehavior behavior, CancellationToken cancellationToken)
   at Microsoft.EntityFrameworkCore.Storage.RelationalCommand.ExecuteReaderAsync(RelationalCommandParameterObject parameterObject, CancellationToken cancellationToken)
   at Microsoft.EntityFrameworkCore.Storage.RelationalCommand.ExecuteReaderAsync(RelationalCommandParameterObject parameterObject, CancellationToken cancellationToken)
   at Microsoft.EntityFrameworkCore.Update.ReaderModificationCommandBatch.ExecuteAsync(IRelationalConnection connection, CancellationToken cancellationToken)
   --- End of inner exception stack trace ---
   at Microsoft.EntityFrameworkCore.Update.ReaderModificationCommandBatch.ExecuteAsync(IRelationalConnection connection, CancellationToken cancellationToken)
   at Microsoft.EntityFrameworkCore.Update.Internal.BatchExecutor.ExecuteAsync(IEnumerable`1 commandBatches, IRelationalConnection connection, CancellationToken cancellationToken)
   at Microsoft.EntityFrameworkCore.Update.Internal.BatchExecutor.ExecuteAsync(IEnumerable`1 commandBatches, IRelationalConnection connection, CancellationToken cancellationToken)
   at Microsoft.EntityFrameworkCore.Update.Internal.BatchExecutor.ExecuteAsync(IEnumerable`1 commandBatches, IRelationalConnection connection, CancellationToken cancellationToken)
   at Microsoft.EntityFrameworkCore.Storage.RelationalDatabase.SaveChangesAsync(IList`1 entries, CancellationToken cancellationToken)
   at Microsoft.EntityFrameworkCore.ChangeTracking.Internal.StateManager.SaveChangesAsync(IList`1 entriesToSave, CancellationToken cancellationToken)
   at Microsoft.EntityFrameworkCore.ChangeTracking.Internal.StateManager.SaveChangesAsync(StateManager stateManager, Boolean acceptAllChangesOnSuccess, CancellationToken cancellationToken)
   at Microsoft.EntityFrameworkCore.DbContext.SaveChangesAsync(Boolean acceptAllChangesOnSuccess, CancellationToken cancellationToken)
2026-04-30 16:42:32.791 -03:00 [ERR] HTTP POST /api/jogos/dfb09c9a-024d-4861-81c0-f50b28740044/presencas responded 500 in 6.5282 ms
Microsoft.EntityFrameworkCore.DbUpdateException: An error occurred while saving the entity changes. See the inner exception for details.
 ---> Microsoft.Data.Sqlite.SqliteException (0x80004005): SQLite Error 19: 'FOREIGN KEY constraint failed'.
   at Microsoft.Data.Sqlite.SqliteException.ThrowExceptionForRC(Int32 rc, sqlite3 db)
   at Microsoft.Data.Sqlite.SqliteDataReader.NextResult()
   at Microsoft.Data.Sqlite.SqliteCommand.ExecuteReader(CommandBehavior behavior)
   at Microsoft.Data.Sqlite.SqliteCommand.ExecuteDbDataReaderAsync(CommandBehavior behavior, CancellationToken cancellationToken)
   at Microsoft.EntityFrameworkCore.Storage.RelationalCommand.ExecuteReaderAsync(RelationalCommandParameterObject parameterObject, CancellationToken cancellationToken)
   at Microsoft.EntityFrameworkCore.Storage.RelationalCommand.ExecuteReaderAsync(RelationalCommandParameterObject parameterObject, CancellationToken cancellationToken)
   at Microsoft.EntityFrameworkCore.Update.ReaderModificationCommandBatch.ExecuteAsync(IRelationalConnection connection, CancellationToken cancellationToken)
   --- End of inner exception stack trace ---
   at Microsoft.EntityFrameworkCore.Update.ReaderModificationCommandBatch.ExecuteAsync(IRelationalConnection connection, CancellationToken cancellationToken)
   at Microsoft.EntityFrameworkCore.Update.Internal.BatchExecutor.ExecuteAsync(IEnumerable`1 commandBatches, IRelationalConnection connection, CancellationToken cancellationToken)
   at Microsoft.EntityFrameworkCore.Update.Internal.BatchExecutor.ExecuteAsync(IEnumerable`1 commandBatches, IRelationalConnection connection, CancellationToken cancellationToken)
   at Microsoft.EntityFrameworkCore.Update.Internal.BatchExecutor.ExecuteAsync(IEnumerable`1 commandBatches, IRelationalConnection connection, CancellationToken cancellationToken)
   at Microsoft.EntityFrameworkCore.Storage.RelationalDatabase.SaveChangesAsync(IList`1 entries, CancellationToken cancellationToken)
   at Microsoft.EntityFrameworkCore.ChangeTracking.Internal.StateManager.SaveChangesAsync(IList`1 entriesToSave, CancellationToken cancellationToken)
   at Microsoft.EntityFrameworkCore.ChangeTracking.Internal.StateManager.SaveChangesAsync(StateManager stateManager, Boolean acceptAllChangesOnSuccess, CancellationToken cancellationToken)
   at Microsoft.EntityFrameworkCore.DbContext.SaveChangesAsync(Boolean acceptAllChangesOnSuccess, CancellationToken cancellationToken)
   at Microsoft.EntityFrameworkCore.DbContext.SaveChangesAsync(Boolean acceptAllChangesOnSuccess, CancellationToken cancellationToken)
   at CaronaAlvinegra.Infrastructure.Repositories.UnitOfWork.CommitAsync(CancellationToken cancellationToken)
   at CaronaAlvinegra.Application.Services.PresencaAppService.MarcarPresencaAsync(Guid jogoId, MarcarPresencaRequest request, CancellationToken ct)
   at CaronaAlvinegra.Api.Endpoints.PresencaEndpoints.<>c.<<MapPresencaEndpoints>b__0_0>d.MoveNext() in c:\Users\dudsl\Documents\GitHub\sistema-organizacao-vans\src\CaronaAlvinegra.Api\Endpoints\PresencaEndpoints.cs:line 14
--- End of stack trace from previous location ---
   at Microsoft.AspNetCore.Http.RequestDelegateFactory.ExecuteTaskResult[T](Task`1 task, HttpContext httpContext)
   at Microsoft.AspNetCore.Http.RequestDelegateFactory.<>c__DisplayClass101_2.<<HandleRequestBodyAndCompileRequestDelegateForJson>b__2>d.MoveNext()
--- End of stack trace from previous location ---
   at Swashbuckle.AspNetCore.SwaggerUI.SwaggerUIMiddleware.Invoke(HttpContext httpContext)
   at Swashbuckle.AspNetCore.Swagger.SwaggerMiddleware.Invoke(HttpContext httpContext, ISwaggerProvider swaggerProvider)
   at Serilog.AspNetCore.RequestLoggingMiddleware.Invoke(HttpContext httpContext)
2026-04-30 16:42:32.793 -03:00 [ERR] Unhandled exception
Microsoft.EntityFrameworkCore.DbUpdateException: An error occurred while saving the entity changes. See the inner exception for details.
 ---> Microsoft.Data.Sqlite.SqliteException (0x80004005): SQLite Error 19: 'FOREIGN KEY constraint failed'.
   at Microsoft.Data.Sqlite.SqliteException.ThrowExceptionForRC(Int32 rc, sqlite3 db)
   at Microsoft.Data.Sqlite.SqliteDataReader.NextResult()
   at Microsoft.Data.Sqlite.SqliteCommand.ExecuteReader(CommandBehavior behavior)
   at Microsoft.Data.Sqlite.SqliteCommand.ExecuteDbDataReaderAsync(CommandBehavior behavior, CancellationToken cancellationToken)
   at Microsoft.EntityFrameworkCore.Storage.RelationalCommand.ExecuteReaderAsync(RelationalCommandParameterObject parameterObject, CancellationToken cancellationToken)
   at Microsoft.EntityFrameworkCore.Storage.RelationalCommand.ExecuteReaderAsync(RelationalCommandParameterObject parameterObject, CancellationToken cancellationToken)
   at Microsoft.EntityFrameworkCore.Update.ReaderModificationCommandBatch.ExecuteAsync(IRelationalConnection connection, CancellationToken cancellationToken)
   --- End of inner exception stack trace ---
   at Microsoft.EntityFrameworkCore.Update.ReaderModificationCommandBatch.ExecuteAsync(IRelationalConnection connection, CancellationToken cancellationToken)
   at Microsoft.EntityFrameworkCore.Update.Internal.BatchExecutor.ExecuteAsync(IEnumerable`1 commandBatches, IRelationalConnection connection, CancellationToken cancellationToken)
   at Microsoft.EntityFrameworkCore.Update.Internal.BatchExecutor.ExecuteAsync(IEnumerable`1 commandBatches, IRelationalConnection connection, CancellationToken cancellationToken)
   at Microsoft.EntityFrameworkCore.Update.Internal.BatchExecutor.ExecuteAsync(IEnumerable`1 commandBatches, IRelationalConnection connection, CancellationToken cancellationToken)
   at Microsoft.EntityFrameworkCore.Storage.RelationalDatabase.SaveChangesAsync(IList`1 entries, CancellationToken cancellationToken)
   at Microsoft.EntityFrameworkCore.ChangeTracking.Internal.StateManager.SaveChangesAsync(IList`1 entriesToSave, CancellationToken cancellationToken)
   at Microsoft.EntityFrameworkCore.ChangeTracking.Internal.StateManager.SaveChangesAsync(StateManager stateManager, Boolean acceptAllChangesOnSuccess, CancellationToken cancellationToken)
   at Microsoft.EntityFrameworkCore.DbContext.SaveChangesAsync(Boolean acceptAllChangesOnSuccess, CancellationToken cancellationToken)
   at Microsoft.EntityFrameworkCore.DbContext.SaveChangesAsync(Boolean acceptAllChangesOnSuccess, CancellationToken cancellationToken)
   at CaronaAlvinegra.Infrastructure.Repositories.UnitOfWork.CommitAsync(CancellationToken cancellationToken)
   at CaronaAlvinegra.Application.Services.PresencaAppService.MarcarPresencaAsync(Guid jogoId, MarcarPresencaRequest request, CancellationToken ct)
   at CaronaAlvinegra.Api.Endpoints.PresencaEndpoints.<>c.<<MapPresencaEndpoints>b__0_0>d.MoveNext() in c:\Users\dudsl\Documents\GitHub\sistema-organizacao-vans\src\CaronaAlvinegra.Api\Endpoints\PresencaEndpoints.cs:line 14
--- End of stack trace from previous location ---
   at Microsoft.AspNetCore.Http.RequestDelegateFactory.ExecuteTaskResult[T](Task`1 task, HttpContext httpContext)
   at Microsoft.AspNetCore.Http.RequestDelegateFactory.<>c__DisplayClass101_2.<<HandleRequestBodyAndCompileRequestDelegateForJson>b__2>d.MoveNext()
--- End of stack trace from previous location ---
   at Swashbuckle.AspNetCore.SwaggerUI.SwaggerUIMiddleware.Invoke(HttpContext httpContext)
   at Swashbuckle.AspNetCore.Swagger.SwaggerMiddleware.Invoke(HttpContext httpContext, ISwaggerProvider swaggerProvider)
   at Serilog.AspNetCore.RequestLoggingMiddleware.Invoke(HttpContext httpContext)
   at CaronaAlvinegra.Api.Middleware.ExceptionHandlingMiddleware.InvokeAsync(HttpContext context) in c:\Users\dudsl\Documents\GitHub\sistema-organizacao-vans\src\CaronaAlvinegra.Api\Middleware\ExceptionHandlingMiddleware.cs:line 22
2026-04-30 16:55:29.932 -03:00 [WRN] The navigation 'Grupo.Membros' was first mapped explicitly and then ignored. Consider not mapping the navigation in the first place.
2026-04-30 16:55:56.091 -03:00 [INF] HTTP GET /api/usuarios responded 200 in 122.5844 ms
2026-04-30 16:56:07.997 -03:00 [ERR] HTTP DELETE /api/rotas/d83c1d80-f0d5-4622-a3bf-c74022781f38 responded 500 in 91.5249 ms
CaronaAlvinegra.Domain.Entities.DomainException: Não é possível excluir a rota "Cascatinha" pois 2 usuário(s) ainda a possuem como rota preferencial: Carlos Silva, Ana Silva. Reatribua esses usuários para outra rota antes de excluir.
   at CaronaAlvinegra.Application.Services.RotaAppService.RemoverAsync(Guid id, CancellationToken ct) in c:\Users\dudsl\Documents\GitHub\sistema-organizacao-vans\src\CaronaAlvinegra.Application\Services\RotaAppService.cs:line 65
   at CaronaAlvinegra.Api.Endpoints.RotaEndpoints.<>c.<<MapRotaEndpoints>b__0_3>d.MoveNext() in c:\Users\dudsl\Documents\GitHub\sistema-organizacao-vans\src\CaronaAlvinegra.Api\Endpoints\RotaEndpoints.cs:line 38
--- End of stack trace from previous location ---
   at Microsoft.AspNetCore.Http.RequestDelegateFactory.ExecuteTaskResult[T](Task`1 task, HttpContext httpContext)
   at Swashbuckle.AspNetCore.SwaggerUI.SwaggerUIMiddleware.Invoke(HttpContext httpContext)
   at Swashbuckle.AspNetCore.Swagger.SwaggerMiddleware.Invoke(HttpContext httpContext, ISwaggerProvider swaggerProvider)
   at Serilog.AspNetCore.RequestLoggingMiddleware.Invoke(HttpContext httpContext)
2026-04-30 16:56:08.029 -03:00 [WRN] Domain rule violation
CaronaAlvinegra.Domain.Entities.DomainException: Não é possível excluir a rota "Cascatinha" pois 2 usuário(s) ainda a possuem como rota preferencial: Carlos Silva, Ana Silva. Reatribua esses usuários para outra rota antes de excluir.
   at CaronaAlvinegra.Application.Services.RotaAppService.RemoverAsync(Guid id, CancellationToken ct) in c:\Users\dudsl\Documents\GitHub\sistema-organizacao-vans\src\CaronaAlvinegra.Application\Services\RotaAppService.cs:line 65
   at CaronaAlvinegra.Api.Endpoints.RotaEndpoints.<>c.<<MapRotaEndpoints>b__0_3>d.MoveNext() in c:\Users\dudsl\Documents\GitHub\sistema-organizacao-vans\src\CaronaAlvinegra.Api\Endpoints\RotaEndpoints.cs:line 38
--- End of stack trace from previous location ---
   at Microsoft.AspNetCore.Http.RequestDelegateFactory.ExecuteTaskResult[T](Task`1 task, HttpContext httpContext)
   at Swashbuckle.AspNetCore.SwaggerUI.SwaggerUIMiddleware.Invoke(HttpContext httpContext)
   at Swashbuckle.AspNetCore.Swagger.SwaggerMiddleware.Invoke(HttpContext httpContext, ISwaggerProvider swaggerProvider)
   at Serilog.AspNetCore.RequestLoggingMiddleware.Invoke(HttpContext httpContext)
   at CaronaAlvinegra.Api.Middleware.ExceptionHandlingMiddleware.InvokeAsync(HttpContext context) in c:\Users\dudsl\Documents\GitHub\sistema-organizacao-vans\src\CaronaAlvinegra.Api\Middleware\ExceptionHandlingMiddleware.cs:line 23
2026-04-30 16:56:09.245 -03:00 [INF] HTTP POST /api/grupos/afeb82f9-5163-49ae-9a48-33a0c2793d16/membros/8473f5e7-2eb4-4d28-8bd6-2244d3c7323d responded 204 in 41.6297 ms
2026-04-30 16:56:10.852 -03:00 [INF] HTTP POST /api/jogos responded 201 in 42.5449 ms
2026-04-30 16:56:40.852 -03:00 [INF] HTTP POST /api/jogos/01968919-5ee1-4403-8186-3cc2354778d6/presencas responded 201 in 34.6087 ms
2026-04-30 16:56:50.835 -03:00 [ERR] HTTP POST /api/jogos/01968919-5ee1-4403-8186-3cc2354778d6/presencas responded 500 in 3.4597 ms
CaronaAlvinegra.Domain.Entities.DomainException: Usuário já possui presença marcada neste jogo.
   at CaronaAlvinegra.Application.Services.PresencaAppService.MarcarPresencaAsync(Guid jogoId, MarcarPresencaRequest request, CancellationToken ct) in c:\Users\dudsl\Documents\GitHub\sistema-organizacao-vans\src\CaronaAlvinegra.Application\Services\PresencaAppService.cs:line 49
   at CaronaAlvinegra.Api.Endpoints.PresencaEndpoints.<>c.<<MapPresencaEndpoints>b__0_0>d.MoveNext() in c:\Users\dudsl\Documents\GitHub\sistema-organizacao-vans\src\CaronaAlvinegra.Api\Endpoints\PresencaEndpoints.cs:line 14
--- End of stack trace from previous location ---
   at Microsoft.AspNetCore.Http.RequestDelegateFactory.ExecuteTaskResult[T](Task`1 task, HttpContext httpContext)
   at Microsoft.AspNetCore.Http.RequestDelegateFactory.<>c__DisplayClass101_2.<<HandleRequestBodyAndCompileRequestDelegateForJson>b__2>d.MoveNext()
--- End of stack trace from previous location ---
   at Swashbuckle.AspNetCore.SwaggerUI.SwaggerUIMiddleware.Invoke(HttpContext httpContext)
   at Swashbuckle.AspNetCore.Swagger.SwaggerMiddleware.Invoke(HttpContext httpContext, ISwaggerProvider swaggerProvider)
   at Serilog.AspNetCore.RequestLoggingMiddleware.Invoke(HttpContext httpContext)
2026-04-30 16:56:50.836 -03:00 [WRN] Domain rule violation
CaronaAlvinegra.Domain.Entities.DomainException: Usuário já possui presença marcada neste jogo.
   at CaronaAlvinegra.Application.Services.PresencaAppService.MarcarPresencaAsync(Guid jogoId, MarcarPresencaRequest request, CancellationToken ct) in c:\Users\dudsl\Documents\GitHub\sistema-organizacao-vans\src\CaronaAlvinegra.Application\Services\PresencaAppService.cs:line 49
   at CaronaAlvinegra.Api.Endpoints.PresencaEndpoints.<>c.<<MapPresencaEndpoints>b__0_0>d.MoveNext() in c:\Users\dudsl\Documents\GitHub\sistema-organizacao-vans\src\CaronaAlvinegra.Api\Endpoints\PresencaEndpoints.cs:line 14
--- End of stack trace from previous location ---
   at Microsoft.AspNetCore.Http.RequestDelegateFactory.ExecuteTaskResult[T](Task`1 task, HttpContext httpContext)
   at Microsoft.AspNetCore.Http.RequestDelegateFactory.<>c__DisplayClass101_2.<<HandleRequestBodyAndCompileRequestDelegateForJson>b__2>d.MoveNext()
--- End of stack trace from previous location ---
   at Swashbuckle.AspNetCore.SwaggerUI.SwaggerUIMiddleware.Invoke(HttpContext httpContext)
   at Swashbuckle.AspNetCore.Swagger.SwaggerMiddleware.Invoke(HttpContext httpContext, ISwaggerProvider swaggerProvider)
   at Serilog.AspNetCore.RequestLoggingMiddleware.Invoke(HttpContext httpContext)
   at CaronaAlvinegra.Api.Middleware.ExceptionHandlingMiddleware.InvokeAsync(HttpContext context) in c:\Users\dudsl\Documents\GitHub\sistema-organizacao-vans\src\CaronaAlvinegra.Api\Middleware\ExceptionHandlingMiddleware.cs:line 23
2026-04-30 16:58:33.796 -03:00 [INF] HTTP GET /health responded 200 in 1.7822 ms
2026-04-30 16:58:34.524 -03:00 [INF] HTTP GET / responded 302 in 0.6740 ms
2026-04-30 16:58:34.538 -03:00 [INF] HTTP GET /index.html responded 304 in 7.9962 ms
2026-04-30 16:58:34.645 -03:00 [INF] HTTP GET /css/app.css responded 304 in 2.5369 ms
2026-04-30 16:58:34.650 -03:00 [INF] HTTP GET /js/app.js responded 304 in 1.2633 ms
2026-04-30 16:58:34.724 -03:00 [INF] HTTP GET /js/api.js responded 200 in 75.6313 ms
2026-04-30 16:58:34.783 -03:00 [INF] HTTP GET /api/usuarios responded 200 in 24.4259 ms
2026-04-30 16:58:34.788 -03:00 [INF] HTTP GET /favicon.ico responded 404 in 2.2698 ms
2026-04-30 16:58:34.805 -03:00 [INF] HTTP GET /api/rotas responded 200 in 41.1326 ms
2026-04-30 16:58:34.819 -03:00 [INF] HTTP GET /api/jogos responded 200 in 40.0488 ms
2026-04-30 16:58:34.826 -03:00 [INF] HTTP GET /api/grupos responded 200 in 62.8576 ms
2026-04-30 16:58:37.445 -03:00 [INF] HTTP GET /api/jogos responded 200 in 17.3736 ms
2026-04-30 16:58:37.468 -03:00 [INF] HTTP GET /api/usuarios responded 200 in 4.0429 ms
2026-04-30 16:58:37.478 -03:00 [INF] HTTP GET /api/rotas responded 200 in 4.8107 ms
2026-04-30 16:58:39.487 -03:00 [INF] HTTP GET /api/usuarios responded 200 in 2.0770 ms
2026-04-30 16:58:39.497 -03:00 [INF] HTTP GET /api/jogos/01968919-5ee1-4403-8186-3cc2354778d6/presencas responded 200 in 12.3480 ms
2026-04-30 16:58:41.105 -03:00 [INF] HTTP POST /api/jogos/01968919-5ee1-4403-8186-3cc2354778d6/presencas responded 201 in 5.0443 ms
2026-04-30 16:58:41.113 -03:00 [INF] HTTP GET /api/usuarios responded 200 in 4.4093 ms
2026-04-30 16:58:41.129 -03:00 [INF] HTTP GET /api/jogos/01968919-5ee1-4403-8186-3cc2354778d6/presencas responded 200 in 20.9733 ms
2026-04-30 16:58:41.854 -03:00 [INF] HTTP POST /api/jogos/01968919-5ee1-4403-8186-3cc2354778d6/presencas responded 201 in 16.6056 ms
2026-04-30 16:58:41.858 -03:00 [INF] HTTP GET /api/jogos/01968919-5ee1-4403-8186-3cc2354778d6/presencas responded 200 in 1.4992 ms
2026-04-30 16:58:41.858 -03:00 [INF] HTTP GET /api/usuarios responded 200 in 1.2757 ms
2026-04-30 16:58:42.588 -03:00 [INF] HTTP POST /api/jogos/01968919-5ee1-4403-8186-3cc2354778d6/presencas responded 201 in 13.9821 ms
2026-04-30 16:58:42.593 -03:00 [INF] HTTP GET /api/jogos/01968919-5ee1-4403-8186-3cc2354778d6/presencas responded 200 in 1.4156 ms
2026-04-30 16:58:42.593 -03:00 [INF] HTTP GET /api/usuarios responded 200 in 1.0801 ms
2026-04-30 16:58:43.008 -03:00 [INF] HTTP POST /api/jogos/01968919-5ee1-4403-8186-3cc2354778d6/presencas responded 201 in 18.4435 ms
2026-04-30 16:58:43.016 -03:00 [INF] HTTP GET /api/jogos/01968919-5ee1-4403-8186-3cc2354778d6/presencas responded 200 in 2.3883 ms
2026-04-30 16:58:43.016 -03:00 [INF] HTTP GET /api/usuarios responded 200 in 2.0308 ms
2026-04-30 16:58:47.825 -03:00 [INF] HTTP GET /api/usuarios responded 200 in 2.5382 ms
2026-04-30 16:58:47.826 -03:00 [INF] HTTP GET /api/rotas responded 200 in 1.4755 ms
2026-04-30 16:58:47.829 -03:00 [INF] HTTP GET /api/grupos responded 200 in 6.3536 ms
2026-04-30 16:58:57.529 -03:00 [INF] HTTP GET /api/usuarios responded 200 in 1.4170 ms
2026-04-30 16:58:57.530 -03:00 [INF] HTTP GET /api/grupos responded 200 in 2.5489 ms
2026-04-30 16:59:01.893 -03:00 [INF] HTTP GET /api/rotas responded 200 in 2.6522 ms
2026-04-30 16:59:07.674 -03:00 [ERR] HTTP DELETE /api/rotas/c266247b-7ec1-4ff5-8062-660eb8d270ba responded 500 in 3.9042 ms
CaronaAlvinegra.Domain.Entities.DomainException: Não é possível excluir a rota "Mosela" pois 3 usuário(s) ainda a possuem como rota preferencial: Maria Souza, João Souza, José Souza. Reatribua esses usuários para outra rota antes de excluir.
   at CaronaAlvinegra.Application.Services.RotaAppService.RemoverAsync(Guid id, CancellationToken ct) in c:\Users\dudsl\Documents\GitHub\sistema-organizacao-vans\src\CaronaAlvinegra.Application\Services\RotaAppService.cs:line 65
   at CaronaAlvinegra.Api.Endpoints.RotaEndpoints.<>c.<<MapRotaEndpoints>b__0_3>d.MoveNext() in c:\Users\dudsl\Documents\GitHub\sistema-organizacao-vans\src\CaronaAlvinegra.Api\Endpoints\RotaEndpoints.cs:line 38
--- End of stack trace from previous location ---
   at Microsoft.AspNetCore.Http.RequestDelegateFactory.ExecuteTaskResult[T](Task`1 task, HttpContext httpContext)
   at Swashbuckle.AspNetCore.SwaggerUI.SwaggerUIMiddleware.Invoke(HttpContext httpContext)
   at Swashbuckle.AspNetCore.Swagger.SwaggerMiddleware.Invoke(HttpContext httpContext, ISwaggerProvider swaggerProvider)
   at Serilog.AspNetCore.RequestLoggingMiddleware.Invoke(HttpContext httpContext)
2026-04-30 16:59:07.675 -03:00 [WRN] Domain rule violation
CaronaAlvinegra.Domain.Entities.DomainException: Não é possível excluir a rota "Mosela" pois 3 usuário(s) ainda a possuem como rota preferencial: Maria Souza, João Souza, José Souza. Reatribua esses usuários para outra rota antes de excluir.
   at CaronaAlvinegra.Application.Services.RotaAppService.RemoverAsync(Guid id, CancellationToken ct) in c:\Users\dudsl\Documents\GitHub\sistema-organizacao-vans\src\CaronaAlvinegra.Application\Services\RotaAppService.cs:line 65
   at CaronaAlvinegra.Api.Endpoints.RotaEndpoints.<>c.<<MapRotaEndpoints>b__0_3>d.MoveNext() in c:\Users\dudsl\Documents\GitHub\sistema-organizacao-vans\src\CaronaAlvinegra.Api\Endpoints\RotaEndpoints.cs:line 38
--- End of stack trace from previous location ---
   at Microsoft.AspNetCore.Http.RequestDelegateFactory.ExecuteTaskResult[T](Task`1 task, HttpContext httpContext)
   at Swashbuckle.AspNetCore.SwaggerUI.SwaggerUIMiddleware.Invoke(HttpContext httpContext)
   at Swashbuckle.AspNetCore.Swagger.SwaggerMiddleware.Invoke(HttpContext httpContext, ISwaggerProvider swaggerProvider)
   at Serilog.AspNetCore.RequestLoggingMiddleware.Invoke(HttpContext httpContext)
   at CaronaAlvinegra.Api.Middleware.ExceptionHandlingMiddleware.InvokeAsync(HttpContext context) in c:\Users\dudsl\Documents\GitHub\sistema-organizacao-vans\src\CaronaAlvinegra.Api\Middleware\ExceptionHandlingMiddleware.cs:line 23
2026-04-30 16:59:09.937 -03:00 [INF] HTTP GET /api/usuarios responded 200 in 1.9496 ms
2026-04-30 16:59:09.938 -03:00 [INF] HTTP GET /api/rotas responded 200 in 1.8214 ms
2026-04-30 16:59:09.940 -03:00 [INF] HTTP GET /api/grupos responded 200 in 4.5707 ms
2026-04-30 16:59:14.118 -03:00 [ERR] Failed executing DbCommand (1ms) [Parameters=[@p0='?' (DbType = Guid)], CommandType='"Text"', CommandTimeout='30']
DELETE FROM "Usuarios"
WHERE "Id" = @p0
RETURNING 1;
2026-04-30 16:59:14.127 -03:00 [ERR] An exception occurred in the database while saving changes for context type 'CaronaAlvinegra.Infrastructure.Data.AppDbContext'.
Microsoft.EntityFrameworkCore.DbUpdateException: An error occurred while saving the entity changes. See the inner exception for details.
 ---> Microsoft.Data.Sqlite.SqliteException (0x80004005): SQLite Error 19: 'FOREIGN KEY constraint failed'.
   at Microsoft.Data.Sqlite.SqliteException.ThrowExceptionForRC(Int32 rc, sqlite3 db)
   at Microsoft.Data.Sqlite.SqliteDataReader.NextResult()
   at Microsoft.Data.Sqlite.SqliteCommand.ExecuteReader(CommandBehavior behavior)
   at Microsoft.Data.Sqlite.SqliteCommand.ExecuteDbDataReaderAsync(CommandBehavior behavior, CancellationToken cancellationToken)
   at Microsoft.EntityFrameworkCore.Storage.RelationalCommand.ExecuteReaderAsync(RelationalCommandParameterObject parameterObject, CancellationToken cancellationToken)
   at Microsoft.EntityFrameworkCore.Storage.RelationalCommand.ExecuteReaderAsync(RelationalCommandParameterObject parameterObject, CancellationToken cancellationToken)
   at Microsoft.EntityFrameworkCore.Update.ReaderModificationCommandBatch.ExecuteAsync(IRelationalConnection connection, CancellationToken cancellationToken)
   --- End of inner exception stack trace ---
   at Microsoft.EntityFrameworkCore.Update.ReaderModificationCommandBatch.ExecuteAsync(IRelationalConnection connection, CancellationToken cancellationToken)
   at Microsoft.EntityFrameworkCore.Update.Internal.BatchExecutor.ExecuteAsync(IEnumerable`1 commandBatches, IRelationalConnection connection, CancellationToken cancellationToken)
   at Microsoft.EntityFrameworkCore.Update.Internal.BatchExecutor.ExecuteAsync(IEnumerable`1 commandBatches, IRelationalConnection connection, CancellationToken cancellationToken)
   at Microsoft.EntityFrameworkCore.Update.Internal.BatchExecutor.ExecuteAsync(IEnumerable`1 commandBatches, IRelationalConnection connection, CancellationToken cancellationToken)
   at Microsoft.EntityFrameworkCore.Storage.RelationalDatabase.SaveChangesAsync(IList`1 entries, CancellationToken cancellationToken)
   at Microsoft.EntityFrameworkCore.ChangeTracking.Internal.StateManager.SaveChangesAsync(IList`1 entriesToSave, CancellationToken cancellationToken)
   at Microsoft.EntityFrameworkCore.ChangeTracking.Internal.StateManager.SaveChangesAsync(StateManager stateManager, Boolean acceptAllChangesOnSuccess, CancellationToken cancellationToken)
   at Microsoft.EntityFrameworkCore.DbContext.SaveChangesAsync(Boolean acceptAllChangesOnSuccess, CancellationToken cancellationToken)
Microsoft.EntityFrameworkCore.DbUpdateException: An error occurred while saving the entity changes. See the inner exception for details.
 ---> Microsoft.Data.Sqlite.SqliteException (0x80004005): SQLite Error 19: 'FOREIGN KEY constraint failed'.
   at Microsoft.Data.Sqlite.SqliteException.ThrowExceptionForRC(Int32 rc, sqlite3 db)
   at Microsoft.Data.Sqlite.SqliteDataReader.NextResult()
   at Microsoft.Data.Sqlite.SqliteCommand.ExecuteReader(CommandBehavior behavior)
   at Microsoft.Data.Sqlite.SqliteCommand.ExecuteDbDataReaderAsync(CommandBehavior behavior, CancellationToken cancellationToken)
   at Microsoft.EntityFrameworkCore.Storage.RelationalCommand.ExecuteReaderAsync(RelationalCommandParameterObject parameterObject, CancellationToken cancellationToken)
   at Microsoft.EntityFrameworkCore.Storage.RelationalCommand.ExecuteReaderAsync(RelationalCommandParameterObject parameterObject, CancellationToken cancellationToken)
   at Microsoft.EntityFrameworkCore.Update.ReaderModificationCommandBatch.ExecuteAsync(IRelationalConnection connection, CancellationToken cancellationToken)
   --- End of inner exception stack trace ---
   at Microsoft.EntityFrameworkCore.Update.ReaderModificationCommandBatch.ExecuteAsync(IRelationalConnection connection, CancellationToken cancellationToken)
   at Microsoft.EntityFrameworkCore.Update.Internal.BatchExecutor.ExecuteAsync(IEnumerable`1 commandBatches, IRelationalConnection connection, CancellationToken cancellationToken)
   at Microsoft.EntityFrameworkCore.Update.Internal.BatchExecutor.ExecuteAsync(IEnumerable`1 commandBatches, IRelationalConnection connection, CancellationToken cancellationToken)
   at Microsoft.EntityFrameworkCore.Update.Internal.BatchExecutor.ExecuteAsync(IEnumerable`1 commandBatches, IRelationalConnection connection, CancellationToken cancellationToken)
   at Microsoft.EntityFrameworkCore.Storage.RelationalDatabase.SaveChangesAsync(IList`1 entries, CancellationToken cancellationToken)
   at Microsoft.EntityFrameworkCore.ChangeTracking.Internal.StateManager.SaveChangesAsync(IList`1 entriesToSave, CancellationToken cancellationToken)
   at Microsoft.EntityFrameworkCore.ChangeTracking.Internal.StateManager.SaveChangesAsync(StateManager stateManager, Boolean acceptAllChangesOnSuccess, CancellationToken cancellationToken)
   at Microsoft.EntityFrameworkCore.DbContext.SaveChangesAsync(Boolean acceptAllChangesOnSuccess, CancellationToken cancellationToken)
2026-04-30 16:59:14.129 -03:00 [ERR] HTTP DELETE /api/usuarios/06bc3830-ebd7-4e25-b2fd-c8366774d933 responded 500 in 35.4735 ms
Microsoft.EntityFrameworkCore.DbUpdateException: An error occurred while saving the entity changes. See the inner exception for details.
 ---> Microsoft.Data.Sqlite.SqliteException (0x80004005): SQLite Error 19: 'FOREIGN KEY constraint failed'.
   at Microsoft.Data.Sqlite.SqliteException.ThrowExceptionForRC(Int32 rc, sqlite3 db)
   at Microsoft.Data.Sqlite.SqliteDataReader.NextResult()
   at Microsoft.Data.Sqlite.SqliteCommand.ExecuteReader(CommandBehavior behavior)
   at Microsoft.Data.Sqlite.SqliteCommand.ExecuteDbDataReaderAsync(CommandBehavior behavior, CancellationToken cancellationToken)
   at Microsoft.EntityFrameworkCore.Storage.RelationalCommand.ExecuteReaderAsync(RelationalCommandParameterObject parameterObject, CancellationToken cancellationToken)
   at Microsoft.EntityFrameworkCore.Storage.RelationalCommand.ExecuteReaderAsync(RelationalCommandParameterObject parameterObject, CancellationToken cancellationToken)
   at Microsoft.EntityFrameworkCore.Update.ReaderModificationCommandBatch.ExecuteAsync(IRelationalConnection connection, CancellationToken cancellationToken)
   --- End of inner exception stack trace ---
   at Microsoft.EntityFrameworkCore.Update.ReaderModificationCommandBatch.ExecuteAsync(IRelationalConnection connection, CancellationToken cancellationToken)
   at Microsoft.EntityFrameworkCore.Update.Internal.BatchExecutor.ExecuteAsync(IEnumerable`1 commandBatches, IRelationalConnection connection, CancellationToken cancellationToken)
   at Microsoft.EntityFrameworkCore.Update.Internal.BatchExecutor.ExecuteAsync(IEnumerable`1 commandBatches, IRelationalConnection connection, CancellationToken cancellationToken)
   at Microsoft.EntityFrameworkCore.Update.Internal.BatchExecutor.ExecuteAsync(IEnumerable`1 commandBatches, IRelationalConnection connection, CancellationToken cancellationToken)
   at Microsoft.EntityFrameworkCore.Storage.RelationalDatabase.SaveChangesAsync(IList`1 entries, CancellationToken cancellationToken)
   at Microsoft.EntityFrameworkCore.ChangeTracking.Internal.StateManager.SaveChangesAsync(IList`1 entriesToSave, CancellationToken cancellationToken)
   at Microsoft.EntityFrameworkCore.ChangeTracking.Internal.StateManager.SaveChangesAsync(StateManager stateManager, Boolean acceptAllChangesOnSuccess, CancellationToken cancellationToken)
   at Microsoft.EntityFrameworkCore.DbContext.SaveChangesAsync(Boolean acceptAllChangesOnSuccess, CancellationToken cancellationToken)
   at Microsoft.EntityFrameworkCore.DbContext.SaveChangesAsync(Boolean acceptAllChangesOnSuccess, CancellationToken cancellationToken)
   at CaronaAlvinegra.Infrastructure.Repositories.UnitOfWork.CommitAsync(CancellationToken cancellationToken)
   at CaronaAlvinegra.Application.Services.UsuarioAppService.RemoverAsync(Guid id, CancellationToken ct) in c:\Users\dudsl\Documents\GitHub\sistema-organizacao-vans\src\CaronaAlvinegra.Application\Services\UsuarioAppService.cs:line 76
   at CaronaAlvinegra.Api.Endpoints.UsuarioEndpoints.<>c.<<MapUsuarioEndpoints>b__0_4>d.MoveNext() in c:\Users\dudsl\Documents\GitHub\sistema-organizacao-vans\src\CaronaAlvinegra.Api\Endpoints\UsuarioEndpoints.cs:line 46
--- End of stack trace from previous location ---
   at Microsoft.AspNetCore.Http.RequestDelegateFactory.ExecuteTaskResult[T](Task`1 task, HttpContext httpContext)
   at Swashbuckle.AspNetCore.SwaggerUI.SwaggerUIMiddleware.Invoke(HttpContext httpContext)
   at Swashbuckle.AspNetCore.Swagger.SwaggerMiddleware.Invoke(HttpContext httpContext, ISwaggerProvider swaggerProvider)
   at Serilog.AspNetCore.RequestLoggingMiddleware.Invoke(HttpContext httpContext)
2026-04-30 16:59:14.163 -03:00 [ERR] Foreign key constraint violation
Microsoft.EntityFrameworkCore.DbUpdateException: An error occurred while saving the entity changes. See the inner exception for details.
 ---> Microsoft.Data.Sqlite.SqliteException (0x80004005): SQLite Error 19: 'FOREIGN KEY constraint failed'.
   at Microsoft.Data.Sqlite.SqliteException.ThrowExceptionForRC(Int32 rc, sqlite3 db)
   at Microsoft.Data.Sqlite.SqliteDataReader.NextResult()
   at Microsoft.Data.Sqlite.SqliteCommand.ExecuteReader(CommandBehavior behavior)
   at Microsoft.Data.Sqlite.SqliteCommand.ExecuteDbDataReaderAsync(CommandBehavior behavior, CancellationToken cancellationToken)
   at Microsoft.EntityFrameworkCore.Storage.RelationalCommand.ExecuteReaderAsync(RelationalCommandParameterObject parameterObject, CancellationToken cancellationToken)
   at Microsoft.EntityFrameworkCore.Storage.RelationalCommand.ExecuteReaderAsync(RelationalCommandParameterObject parameterObject, CancellationToken cancellationToken)
   at Microsoft.EntityFrameworkCore.Update.ReaderModificationCommandBatch.ExecuteAsync(IRelationalConnection connection, CancellationToken cancellationToken)
   --- End of inner exception stack trace ---
   at Microsoft.EntityFrameworkCore.Update.ReaderModificationCommandBatch.ExecuteAsync(IRelationalConnection connection, CancellationToken cancellationToken)
   at Microsoft.EntityFrameworkCore.Update.Internal.BatchExecutor.ExecuteAsync(IEnumerable`1 commandBatches, IRelationalConnection connection, CancellationToken cancellationToken)
   at Microsoft.EntityFrameworkCore.Update.Internal.BatchExecutor.ExecuteAsync(IEnumerable`1 commandBatches, IRelationalConnection connection, CancellationToken cancellationToken)
   at Microsoft.EntityFrameworkCore.Update.Internal.BatchExecutor.ExecuteAsync(IEnumerable`1 commandBatches, IRelationalConnection connection, CancellationToken cancellationToken)
   at Microsoft.EntityFrameworkCore.Storage.RelationalDatabase.SaveChangesAsync(IList`1 entries, CancellationToken cancellationToken)
   at Microsoft.EntityFrameworkCore.ChangeTracking.Internal.StateManager.SaveChangesAsync(IList`1 entriesToSave, CancellationToken cancellationToken)
   at Microsoft.EntityFrameworkCore.ChangeTracking.Internal.StateManager.SaveChangesAsync(StateManager stateManager, Boolean acceptAllChangesOnSuccess, CancellationToken cancellationToken)
   at Microsoft.EntityFrameworkCore.DbContext.SaveChangesAsync(Boolean acceptAllChangesOnSuccess, CancellationToken cancellationToken)
   at Microsoft.EntityFrameworkCore.DbContext.SaveChangesAsync(Boolean acceptAllChangesOnSuccess, CancellationToken cancellationToken)
   at CaronaAlvinegra.Infrastructure.Repositories.UnitOfWork.CommitAsync(CancellationToken cancellationToken)
   at CaronaAlvinegra.Application.Services.UsuarioAppService.RemoverAsync(Guid id, CancellationToken ct) in c:\Users\dudsl\Documents\GitHub\sistema-organizacao-vans\src\CaronaAlvinegra.Application\Services\UsuarioAppService.cs:line 76
   at CaronaAlvinegra.Api.Endpoints.UsuarioEndpoints.<>c.<<MapUsuarioEndpoints>b__0_4>d.MoveNext() in c:\Users\dudsl\Documents\GitHub\sistema-organizacao-vans\src\CaronaAlvinegra.Api\Endpoints\UsuarioEndpoints.cs:line 46
--- End of stack trace from previous location ---
   at Microsoft.AspNetCore.Http.RequestDelegateFactory.ExecuteTaskResult[T](Task`1 task, HttpContext httpContext)
   at Swashbuckle.AspNetCore.SwaggerUI.SwaggerUIMiddleware.Invoke(HttpContext httpContext)
   at Swashbuckle.AspNetCore.Swagger.SwaggerMiddleware.Invoke(HttpContext httpContext, ISwaggerProvider swaggerProvider)
   at Serilog.AspNetCore.RequestLoggingMiddleware.Invoke(HttpContext httpContext)
   at CaronaAlvinegra.Api.Middleware.ExceptionHandlingMiddleware.InvokeAsync(HttpContext context) in c:\Users\dudsl\Documents\GitHub\sistema-organizacao-vans\src\CaronaAlvinegra.Api\Middleware\ExceptionHandlingMiddleware.cs:line 23
2026-04-30 16:59:18.340 -03:00 [ERR] Failed executing DbCommand (1ms) [Parameters=[@p0='?' (DbType = Guid)], CommandType='"Text"', CommandTimeout='30']
DELETE FROM "Usuarios"
WHERE "Id" = @p0
RETURNING 1;
2026-04-30 16:59:18.342 -03:00 [ERR] An exception occurred in the database while saving changes for context type 'CaronaAlvinegra.Infrastructure.Data.AppDbContext'.
Microsoft.EntityFrameworkCore.DbUpdateException: An error occurred while saving the entity changes. See the inner exception for details.
 ---> Microsoft.Data.Sqlite.SqliteException (0x80004005): SQLite Error 19: 'FOREIGN KEY constraint failed'.
   at Microsoft.Data.Sqlite.SqliteException.ThrowExceptionForRC(Int32 rc, sqlite3 db)
   at Microsoft.Data.Sqlite.SqliteDataReader.NextResult()
   at Microsoft.Data.Sqlite.SqliteCommand.ExecuteReader(CommandBehavior behavior)
   at Microsoft.Data.Sqlite.SqliteCommand.ExecuteDbDataReaderAsync(CommandBehavior behavior, CancellationToken cancellationToken)
   at Microsoft.EntityFrameworkCore.Storage.RelationalCommand.ExecuteReaderAsync(RelationalCommandParameterObject parameterObject, CancellationToken cancellationToken)
   at Microsoft.EntityFrameworkCore.Storage.RelationalCommand.ExecuteReaderAsync(RelationalCommandParameterObject parameterObject, CancellationToken cancellationToken)
   at Microsoft.EntityFrameworkCore.Update.ReaderModificationCommandBatch.ExecuteAsync(IRelationalConnection connection, CancellationToken cancellationToken)
   --- End of inner exception stack trace ---
   at Microsoft.EntityFrameworkCore.Update.ReaderModificationCommandBatch.ExecuteAsync(IRelationalConnection connection, CancellationToken cancellationToken)
   at Microsoft.EntityFrameworkCore.Update.Internal.BatchExecutor.ExecuteAsync(IEnumerable`1 commandBatches, IRelationalConnection connection, CancellationToken cancellationToken)
   at Microsoft.EntityFrameworkCore.Update.Internal.BatchExecutor.ExecuteAsync(IEnumerable`1 commandBatches, IRelationalConnection connection, CancellationToken cancellationToken)
   at Microsoft.EntityFrameworkCore.Update.Internal.BatchExecutor.ExecuteAsync(IEnumerable`1 commandBatches, IRelationalConnection connection, CancellationToken cancellationToken)
   at Microsoft.EntityFrameworkCore.Storage.RelationalDatabase.SaveChangesAsync(IList`1 entries, CancellationToken cancellationToken)
   at Microsoft.EntityFrameworkCore.ChangeTracking.Internal.StateManager.SaveChangesAsync(IList`1 entriesToSave, CancellationToken cancellationToken)
   at Microsoft.EntityFrameworkCore.ChangeTracking.Internal.StateManager.SaveChangesAsync(StateManager stateManager, Boolean acceptAllChangesOnSuccess, CancellationToken cancellationToken)
   at Microsoft.EntityFrameworkCore.DbContext.SaveChangesAsync(Boolean acceptAllChangesOnSuccess, CancellationToken cancellationToken)
Microsoft.EntityFrameworkCore.DbUpdateException: An error occurred while saving the entity changes. See the inner exception for details.
 ---> Microsoft.Data.Sqlite.SqliteException (0x80004005): SQLite Error 19: 'FOREIGN KEY constraint failed'.
   at Microsoft.Data.Sqlite.SqliteException.ThrowExceptionForRC(Int32 rc, sqlite3 db)
   at Microsoft.Data.Sqlite.SqliteDataReader.NextResult()
   at Microsoft.Data.Sqlite.SqliteCommand.ExecuteReader(CommandBehavior behavior)
   at Microsoft.Data.Sqlite.SqliteCommand.ExecuteDbDataReaderAsync(CommandBehavior behavior, CancellationToken cancellationToken)
   at Microsoft.EntityFrameworkCore.Storage.RelationalCommand.ExecuteReaderAsync(RelationalCommandParameterObject parameterObject, CancellationToken cancellationToken)
   at Microsoft.EntityFrameworkCore.Storage.RelationalCommand.ExecuteReaderAsync(RelationalCommandParameterObject parameterObject, CancellationToken cancellationToken)
   at Microsoft.EntityFrameworkCore.Update.ReaderModificationCommandBatch.ExecuteAsync(IRelationalConnection connection, CancellationToken cancellationToken)
   --- End of inner exception stack trace ---
   at Microsoft.EntityFrameworkCore.Update.ReaderModificationCommandBatch.ExecuteAsync(IRelationalConnection connection, CancellationToken cancellationToken)
   at Microsoft.EntityFrameworkCore.Update.Internal.BatchExecutor.ExecuteAsync(IEnumerable`1 commandBatches, IRelationalConnection connection, CancellationToken cancellationToken)
   at Microsoft.EntityFrameworkCore.Update.Internal.BatchExecutor.ExecuteAsync(IEnumerable`1 commandBatches, IRelationalConnection connection, CancellationToken cancellationToken)
   at Microsoft.EntityFrameworkCore.Update.Internal.BatchExecutor.ExecuteAsync(IEnumerable`1 commandBatches, IRelationalConnection connection, CancellationToken cancellationToken)
   at Microsoft.EntityFrameworkCore.Storage.RelationalDatabase.SaveChangesAsync(IList`1 entries, CancellationToken cancellationToken)
   at Microsoft.EntityFrameworkCore.ChangeTracking.Internal.StateManager.SaveChangesAsync(IList`1 entriesToSave, CancellationToken cancellationToken)
   at Microsoft.EntityFrameworkCore.ChangeTracking.Internal.StateManager.SaveChangesAsync(StateManager stateManager, Boolean acceptAllChangesOnSuccess, CancellationToken cancellationToken)
   at Microsoft.EntityFrameworkCore.DbContext.SaveChangesAsync(Boolean acceptAllChangesOnSuccess, CancellationToken cancellationToken)
2026-04-30 16:59:18.345 -03:00 [ERR] HTTP DELETE /api/usuarios/06bc3830-ebd7-4e25-b2fd-c8366774d933 responded 500 in 10.5287 ms
Microsoft.EntityFrameworkCore.DbUpdateException: An error occurred while saving the entity changes. See the inner exception for details.
 ---> Microsoft.Data.Sqlite.SqliteException (0x80004005): SQLite Error 19: 'FOREIGN KEY constraint failed'.
   at Microsoft.Data.Sqlite.SqliteException.ThrowExceptionForRC(Int32 rc, sqlite3 db)
   at Microsoft.Data.Sqlite.SqliteDataReader.NextResult()
   at Microsoft.Data.Sqlite.SqliteCommand.ExecuteReader(CommandBehavior behavior)
   at Microsoft.Data.Sqlite.SqliteCommand.ExecuteDbDataReaderAsync(CommandBehavior behavior, CancellationToken cancellationToken)
   at Microsoft.EntityFrameworkCore.Storage.RelationalCommand.ExecuteReaderAsync(RelationalCommandParameterObject parameterObject, CancellationToken cancellationToken)
   at Microsoft.EntityFrameworkCore.Storage.RelationalCommand.ExecuteReaderAsync(RelationalCommandParameterObject parameterObject, CancellationToken cancellationToken)
   at Microsoft.EntityFrameworkCore.Update.ReaderModificationCommandBatch.ExecuteAsync(IRelationalConnection connection, CancellationToken cancellationToken)
   --- End of inner exception stack trace ---
   at Microsoft.EntityFrameworkCore.Update.ReaderModificationCommandBatch.ExecuteAsync(IRelationalConnection connection, CancellationToken cancellationToken)
   at Microsoft.EntityFrameworkCore.Update.Internal.BatchExecutor.ExecuteAsync(IEnumerable`1 commandBatches, IRelationalConnection connection, CancellationToken cancellationToken)
   at Microsoft.EntityFrameworkCore.Update.Internal.BatchExecutor.ExecuteAsync(IEnumerable`1 commandBatches, IRelationalConnection connection, CancellationToken cancellationToken)
   at Microsoft.EntityFrameworkCore.Update.Internal.BatchExecutor.ExecuteAsync(IEnumerable`1 commandBatches, IRelationalConnection connection, CancellationToken cancellationToken)
   at Microsoft.EntityFrameworkCore.Storage.RelationalDatabase.SaveChangesAsync(IList`1 entries, CancellationToken cancellationToken)
   at Microsoft.EntityFrameworkCore.ChangeTracking.Internal.StateManager.SaveChangesAsync(IList`1 entriesToSave, CancellationToken cancellationToken)
   at Microsoft.EntityFrameworkCore.ChangeTracking.Internal.StateManager.SaveChangesAsync(StateManager stateManager, Boolean acceptAllChangesOnSuccess, CancellationToken cancellationToken)
   at Microsoft.EntityFrameworkCore.DbContext.SaveChangesAsync(Boolean acceptAllChangesOnSuccess, CancellationToken cancellationToken)
   at Microsoft.EntityFrameworkCore.DbContext.SaveChangesAsync(Boolean acceptAllChangesOnSuccess, CancellationToken cancellationToken)
   at CaronaAlvinegra.Infrastructure.Repositories.UnitOfWork.CommitAsync(CancellationToken cancellationToken)
   at CaronaAlvinegra.Application.Services.UsuarioAppService.RemoverAsync(Guid id, CancellationToken ct) in c:\Users\dudsl\Documents\GitHub\sistema-organizacao-vans\src\CaronaAlvinegra.Application\Services\UsuarioAppService.cs:line 76
   at CaronaAlvinegra.Api.Endpoints.UsuarioEndpoints.<>c.<<MapUsuarioEndpoints>b__0_4>d.MoveNext() in c:\Users\dudsl\Documents\GitHub\sistema-organizacao-vans\src\CaronaAlvinegra.Api\Endpoints\UsuarioEndpoints.cs:line 46
--- End of stack trace from previous location ---
   at Microsoft.AspNetCore.Http.RequestDelegateFactory.ExecuteTaskResult[T](Task`1 task, HttpContext httpContext)
   at Swashbuckle.AspNetCore.SwaggerUI.SwaggerUIMiddleware.Invoke(HttpContext httpContext)
   at Swashbuckle.AspNetCore.Swagger.SwaggerMiddleware.Invoke(HttpContext httpContext, ISwaggerProvider swaggerProvider)
   at Serilog.AspNetCore.RequestLoggingMiddleware.Invoke(HttpContext httpContext)
2026-04-30 16:59:18.347 -03:00 [ERR] Foreign key constraint violation
Microsoft.EntityFrameworkCore.DbUpdateException: An error occurred while saving the entity changes. See the inner exception for details.
 ---> Microsoft.Data.Sqlite.SqliteException (0x80004005): SQLite Error 19: 'FOREIGN KEY constraint failed'.
   at Microsoft.Data.Sqlite.SqliteException.ThrowExceptionForRC(Int32 rc, sqlite3 db)
   at Microsoft.Data.Sqlite.SqliteDataReader.NextResult()
   at Microsoft.Data.Sqlite.SqliteCommand.ExecuteReader(CommandBehavior behavior)
   at Microsoft.Data.Sqlite.SqliteCommand.ExecuteDbDataReaderAsync(CommandBehavior behavior, CancellationToken cancellationToken)
   at Microsoft.EntityFrameworkCore.Storage.RelationalCommand.ExecuteReaderAsync(RelationalCommandParameterObject parameterObject, CancellationToken cancellationToken)
   at Microsoft.EntityFrameworkCore.Storage.RelationalCommand.ExecuteReaderAsync(RelationalCommandParameterObject parameterObject, CancellationToken cancellationToken)
   at Microsoft.EntityFrameworkCore.Update.ReaderModificationCommandBatch.ExecuteAsync(IRelationalConnection connection, CancellationToken cancellationToken)
   --- End of inner exception stack trace ---
   at Microsoft.EntityFrameworkCore.Update.ReaderModificationCommandBatch.ExecuteAsync(IRelationalConnection connection, CancellationToken cancellationToken)
   at Microsoft.EntityFrameworkCore.Update.Internal.BatchExecutor.ExecuteAsync(IEnumerable`1 commandBatches, IRelationalConnection connection, CancellationToken cancellationToken)
   at Microsoft.EntityFrameworkCore.Update.Internal.BatchExecutor.ExecuteAsync(IEnumerable`1 commandBatches, IRelationalConnection connection, CancellationToken cancellationToken)
   at Microsoft.EntityFrameworkCore.Update.Internal.BatchExecutor.ExecuteAsync(IEnumerable`1 commandBatches, IRelationalConnection connection, CancellationToken cancellationToken)
   at Microsoft.EntityFrameworkCore.Storage.RelationalDatabase.SaveChangesAsync(IList`1 entries, CancellationToken cancellationToken)
   at Microsoft.EntityFrameworkCore.ChangeTracking.Internal.StateManager.SaveChangesAsync(IList`1 entriesToSave, CancellationToken cancellationToken)
   at Microsoft.EntityFrameworkCore.ChangeTracking.Internal.StateManager.SaveChangesAsync(StateManager stateManager, Boolean acceptAllChangesOnSuccess, CancellationToken cancellationToken)
   at Microsoft.EntityFrameworkCore.DbContext.SaveChangesAsync(Boolean acceptAllChangesOnSuccess, CancellationToken cancellationToken)
   at Microsoft.EntityFrameworkCore.DbContext.SaveChangesAsync(Boolean acceptAllChangesOnSuccess, CancellationToken cancellationToken)
   at CaronaAlvinegra.Infrastructure.Repositories.UnitOfWork.CommitAsync(CancellationToken cancellationToken)
   at CaronaAlvinegra.Application.Services.UsuarioAppService.RemoverAsync(Guid id, CancellationToken ct) in c:\Users\dudsl\Documents\GitHub\sistema-organizacao-vans\src\CaronaAlvinegra.Application\Services\UsuarioAppService.cs:line 76
   at CaronaAlvinegra.Api.Endpoints.UsuarioEndpoints.<>c.<<MapUsuarioEndpoints>b__0_4>d.MoveNext() in c:\Users\dudsl\Documents\GitHub\sistema-organizacao-vans\src\CaronaAlvinegra.Api\Endpoints\UsuarioEndpoints.cs:line 46
--- End of stack trace from previous location ---
   at Microsoft.AspNetCore.Http.RequestDelegateFactory.ExecuteTaskResult[T](Task`1 task, HttpContext httpContext)
   at Swashbuckle.AspNetCore.SwaggerUI.SwaggerUIMiddleware.Invoke(HttpContext httpContext)
   at Swashbuckle.AspNetCore.Swagger.SwaggerMiddleware.Invoke(HttpContext httpContext, ISwaggerProvider swaggerProvider)
   at Serilog.AspNetCore.RequestLoggingMiddleware.Invoke(HttpContext httpContext)
   at CaronaAlvinegra.Api.Middleware.ExceptionHandlingMiddleware.InvokeAsync(HttpContext context) in c:\Users\dudsl\Documents\GitHub\sistema-organizacao-vans\src\CaronaAlvinegra.Api\Middleware\ExceptionHandlingMiddleware.cs:line 23
2026-04-30 16:59:21.003 -03:00 [INF] HTTP GET /api/jogos responded 200 in 2.8448 ms
2026-04-30 16:59:21.009 -03:00 [INF] HTTP GET /api/usuarios responded 200 in 1.0301 ms
2026-04-30 16:59:21.015 -03:00 [INF] HTTP GET /api/rotas responded 200 in 2.0447 ms
2026-04-30 16:59:24.750 -03:00 [INF] HTTP DELETE /api/jogos/01968919-5ee1-4403-8186-3cc2354778d6 responded 204 in 33.9037 ms
2026-04-30 16:59:24.756 -03:00 [INF] HTTP GET /api/jogos responded 200 in 1.3943 ms
2026-04-30 16:59:24.761 -03:00 [INF] HTTP GET /api/usuarios responded 200 in 1.6540 ms
2026-04-30 16:59:24.766 -03:00 [INF] HTTP GET /api/rotas responded 200 in 1.1352 ms
2026-04-30 16:59:25.985 -03:00 [INF] HTTP GET /api/usuarios responded 200 in 2.9217 ms
2026-04-30 16:59:25.988 -03:00 [INF] HTTP GET /api/grupos responded 200 in 5.3592 ms
2026-04-30 16:59:26.004 -03:00 [INF] HTTP GET /api/rotas responded 200 in 21.4618 ms
2026-04-30 16:59:28.831 -03:00 [INF] HTTP DELETE /api/usuarios/06bc3830-ebd7-4e25-b2fd-c8366774d933 responded 204 in 16.8156 ms
2026-04-30 16:59:28.836 -03:00 [INF] HTTP GET /api/rotas responded 200 in 1.3562 ms
2026-04-30 16:59:28.836 -03:00 [INF] HTTP GET /api/usuarios responded 200 in 1.4076 ms
2026-04-30 16:59:28.838 -03:00 [INF] HTTP GET /api/grupos responded 200 in 3.5081 ms
2026-04-30 16:59:30.631 -03:00 [INF] HTTP DELETE /api/usuarios/1ac0d797-e0c6-4764-8ca8-2a711a651ba4 responded 204 in 5.8207 ms
2026-04-30 16:59:30.639 -03:00 [INF] HTTP GET /api/rotas responded 200 in 1.0209 ms
2026-04-30 16:59:30.639 -03:00 [INF] HTTP GET /api/usuarios responded 200 in 1.0550 ms
2026-04-30 16:59:30.641 -03:00 [INF] HTTP GET /api/grupos responded 200 in 2.9426 ms
2026-04-30 16:59:32.860 -03:00 [INF] HTTP DELETE /api/usuarios/31e19acd-88f0-422a-bf3e-128f228ab80c responded 204 in 18.2842 ms
2026-04-30 16:59:32.869 -03:00 [INF] HTTP GET /api/usuarios responded 200 in 2.9863 ms
2026-04-30 16:59:32.870 -03:00 [INF] HTTP GET /api/rotas responded 200 in 2.7148 ms
2026-04-30 16:59:32.871 -03:00 [INF] HTTP GET /api/grupos responded 200 in 4.3928 ms
2026-04-30 16:59:34.804 -03:00 [INF] HTTP DELETE /api/usuarios/49a4534f-0bfb-41a9-ae25-ef53eea0b918 responded 204 in 15.7752 ms
2026-04-30 16:59:34.809 -03:00 [INF] HTTP GET /api/rotas responded 200 in 1.1187 ms
2026-04-30 16:59:34.809 -03:00 [INF] HTTP GET /api/usuarios responded 200 in 1.3870 ms
2026-04-30 16:59:34.811 -03:00 [INF] HTTP GET /api/grupos responded 200 in 3.0736 ms
2026-04-30 16:59:36.453 -03:00 [INF] HTTP DELETE /api/usuarios/5c92076a-58b9-4dbd-9bc5-d8ba7453d546 responded 204 in 17.7313 ms
2026-04-30 16:59:36.459 -03:00 [INF] HTTP GET /api/rotas responded 200 in 1.0842 ms
2026-04-30 16:59:36.459 -03:00 [INF] HTTP GET /api/usuarios responded 200 in 1.3123 ms
2026-04-30 16:59:36.462 -03:00 [INF] HTTP GET /api/grupos responded 200 in 3.8377 ms
2026-04-30 16:59:38.180 -03:00 [INF] HTTP DELETE /api/usuarios/8473f5e7-2eb4-4d28-8bd6-2244d3c7323d responded 204 in 7.1937 ms
2026-04-30 16:59:38.186 -03:00 [INF] HTTP GET /api/rotas responded 200 in 1.1396 ms
2026-04-30 16:59:38.186 -03:00 [INF] HTTP GET /api/usuarios responded 200 in 1.2468 ms
2026-04-30 16:59:38.187 -03:00 [INF] HTTP GET /api/grupos responded 200 in 2.5416 ms
2026-04-30 16:59:39.831 -03:00 [INF] HTTP DELETE /api/usuarios/a59f55fd-7fa4-4694-ac1e-2a9b88669e91 responded 204 in 18.4491 ms
2026-04-30 16:59:39.836 -03:00 [INF] HTTP GET /api/rotas responded 200 in 1.0127 ms
2026-04-30 16:59:39.836 -03:00 [INF] HTTP GET /api/usuarios responded 200 in 1.2304 ms
2026-04-30 16:59:39.837 -03:00 [INF] HTTP GET /api/grupos responded 200 in 2.0472 ms
2026-04-30 16:59:41.618 -03:00 [INF] HTTP DELETE /api/usuarios/c849638b-ec5d-4b51-953c-68e6b8768f14 responded 204 in 16.1293 ms
2026-04-30 16:59:41.625 -03:00 [INF] HTTP GET /api/usuarios responded 200 in 1.3778 ms
2026-04-30 16:59:41.625 -03:00 [INF] HTTP GET /api/rotas responded 200 in 1.3175 ms
2026-04-30 16:59:41.627 -03:00 [INF] HTTP GET /api/grupos responded 200 in 2.6477 ms
2026-04-30 16:59:43.351 -03:00 [INF] HTTP DELETE /api/usuarios/d9a2d2a0-2cce-43aa-8450-870fd6bd2532 responded 204 in 16.7870 ms
2026-04-30 16:59:43.357 -03:00 [INF] HTTP GET /api/usuarios responded 200 in 1.5613 ms
2026-04-30 16:59:43.357 -03:00 [INF] HTTP GET /api/rotas responded 200 in 1.4357 ms
2026-04-30 16:59:43.359 -03:00 [INF] HTTP GET /api/grupos responded 200 in 3.4476 ms
2026-04-30 16:59:45.873 -03:00 [INF] HTTP DELETE /api/usuarios/e5c7240e-3919-4b71-af48-fd478f5703ba responded 204 in 4.8737 ms
2026-04-30 16:59:45.877 -03:00 [INF] HTTP GET /api/usuarios responded 200 in 0.7630 ms
2026-04-30 16:59:45.878 -03:00 [INF] HTTP GET /api/rotas responded 200 in 1.0296 ms
2026-04-30 16:59:45.878 -03:00 [INF] HTTP GET /api/grupos responded 200 in 1.9840 ms
2026-04-30 16:59:57.866 -03:00 [INF] HTTP GET /api/rotas responded 200 in 0.8683 ms
2026-04-30 17:00:00.611 -03:00 [INF] HTTP DELETE /api/rotas/53b96579-5e42-493a-9e35-23e83b3d16f9 responded 204 in 4.9370 ms
2026-04-30 17:00:00.619 -03:00 [INF] HTTP GET /api/rotas responded 200 in 1.3362 ms
2026-04-30 17:00:03.816 -03:00 [INF] HTTP DELETE /api/rotas/c266247b-7ec1-4ff5-8062-660eb8d270ba responded 204 in 16.2253 ms
2026-04-30 17:00:03.821 -03:00 [INF] HTTP GET /api/rotas responded 200 in 0.6196 ms
2026-04-30 17:00:05.769 -03:00 [INF] HTTP DELETE /api/rotas/d83c1d80-f0d5-4622-a3bf-c74022781f38 responded 204 in 2.3977 ms
2026-04-30 17:00:05.773 -03:00 [INF] HTTP GET /api/rotas responded 200 in 0.7145 ms
2026-04-30 17:00:07.450 -03:00 [INF] HTTP DELETE /api/rotas/e6cc835e-d0d9-4c1e-ad8e-2676a00a8048 responded 204 in 17.7037 ms
2026-04-30 17:00:07.456 -03:00 [INF] HTTP GET /api/rotas responded 200 in 0.5854 ms
2026-04-30 17:00:17.670 -03:00 [INF] HTTP POST /api/rotas responded 201 in 7.5073 ms
2026-04-30 17:00:17.673 -03:00 [INF] HTTP GET /api/rotas responded 200 in 0.6843 ms
2026-04-30 17:00:24.404 -03:00 [INF] HTTP POST /api/rotas responded 201 in 13.4091 ms
2026-04-30 17:00:24.409 -03:00 [INF] HTTP GET /api/rotas responded 200 in 1.0756 ms
2026-04-30 17:00:26.385 -03:00 [INF] HTTP GET /api/usuarios responded 200 in 1.3710 ms
2026-04-30 17:00:26.386 -03:00 [INF] HTTP GET /api/rotas responded 200 in 1.3491 ms
2026-04-30 17:00:26.387 -03:00 [INF] HTTP GET /api/grupos responded 200 in 3.2850 ms
2026-04-30 17:00:32.761 -03:00 [INF] HTTP GET /api/usuarios responded 200 in 1.4558 ms
2026-04-30 17:00:32.763 -03:00 [INF] HTTP GET /api/grupos responded 200 in 3.5772 ms
2026-04-30 17:00:37.337 -03:00 [INF] HTTP POST /api/grupos responded 201 in 13.5633 ms
2026-04-30 17:00:37.344 -03:00 [INF] HTTP GET /api/usuarios responded 200 in 1.2614 ms
2026-04-30 17:00:37.347 -03:00 [INF] HTTP GET /api/grupos responded 200 in 4.9675 ms
2026-04-30 17:00:40.713 -03:00 [INF] HTTP DELETE /api/grupos/afeb82f9-5163-49ae-9a48-33a0c2793d16 responded 204 in 7.2323 ms
2026-04-30 17:00:40.719 -03:00 [INF] HTTP GET /api/usuarios responded 200 in 0.7422 ms
2026-04-30 17:00:40.719 -03:00 [INF] HTTP GET /api/grupos responded 200 in 1.4649 ms
2026-04-30 17:00:42.386 -03:00 [INF] HTTP DELETE /api/grupos/9528bc6d-a1ea-426e-afe7-5574fab60bd3 responded 204 in 17.6896 ms
2026-04-30 17:00:42.391 -03:00 [INF] HTTP GET /api/usuarios responded 200 in 0.9990 ms
2026-04-30 17:00:42.391 -03:00 [INF] HTTP GET /api/grupos responded 200 in 1.1041 ms
2026-04-30 17:00:44.031 -03:00 [INF] HTTP DELETE /api/grupos/6a6bb47b-0e94-4c74-b2ce-d3150f5145c2 responded 204 in 16.8298 ms
2026-04-30 17:00:44.037 -03:00 [INF] HTTP GET /api/usuarios responded 200 in 0.7961 ms
2026-04-30 17:00:44.037 -03:00 [INF] HTTP GET /api/grupos responded 200 in 1.1150 ms
2026-04-30 17:00:47.336 -03:00 [INF] HTTP GET /api/usuarios responded 200 in 1.0939 ms
2026-04-30 17:00:47.337 -03:00 [INF] HTTP GET /api/rotas responded 200 in 1.2656 ms
2026-04-30 17:00:47.337 -03:00 [INF] HTTP GET /api/grupos responded 200 in 1.4654 ms
2026-04-30 17:00:52.428 -03:00 [INF] HTTP POST /api/usuarios responded 201 in 18.0159 ms
2026-04-30 17:00:52.432 -03:00 [INF] HTTP GET /api/usuarios responded 200 in 1.4692 ms
2026-04-30 17:00:52.432 -03:00 [INF] HTTP GET /api/rotas responded 200 in 1.0062 ms
2026-04-30 17:00:52.433 -03:00 [INF] HTTP GET /api/grupos responded 200 in 1.6190 ms
2026-04-30 17:44:37.768 -03:00 [INF] HTTP POST /api/usuarios responded 201 in 21.3966 ms
2026-04-30 17:44:37.775 -03:00 [INF] HTTP GET /api/usuarios responded 200 in 1.2101 ms
2026-04-30 17:44:37.777 -03:00 [INF] HTTP GET /api/grupos responded 200 in 1.7726 ms
2026-04-30 17:44:37.780 -03:00 [INF] HTTP GET /api/rotas responded 200 in 1.7327 ms
2026-04-30 17:44:40.960 -03:00 [INF] HTTP GET /api/jogos responded 200 in 1.1011 ms
2026-04-30 17:44:40.968 -03:00 [INF] HTTP GET /api/usuarios responded 200 in 1.3466 ms
2026-04-30 17:44:40.975 -03:00 [INF] HTTP GET /api/rotas responded 200 in 1.1795 ms
2026-04-30 17:44:43.590 -03:00 [INF] HTTP GET /api/rotas responded 200 in 1.4331 ms
2026-04-30 17:44:45.476 -03:00 [INF] HTTP GET /api/grupos responded 200 in 5.6960 ms
2026-04-30 17:44:45.494 -03:00 [INF] HTTP GET /api/usuarios responded 200 in 23.1690 ms
2026-04-30 17:44:45.494 -03:00 [INF] HTTP GET /api/jogos responded 200 in 22.8764 ms
2026-04-30 17:44:45.494 -03:00 [INF] HTTP GET /api/rotas responded 200 in 23.5976 ms
2026-04-30 17:45:06.907 -03:00 [INF] HTTP GET /health responded 200 in 0.0955 ms
2026-04-30 17:45:07.653 -03:00 [INF] HTTP GET / responded 302 in 0.2045 ms
2026-04-30 17:45:07.658 -03:00 [INF] HTTP GET /index.html responded 304 in 0.5247 ms
2026-04-30 17:45:07.785 -03:00 [INF] HTTP GET /css/app.css responded 304 in 0.6726 ms
2026-04-30 17:45:07.790 -03:00 [INF] HTTP GET /js/api.js responded 304 in 1.0055 ms
2026-04-30 17:45:07.796 -03:00 [INF] HTTP GET /js/app.js responded 304 in 5.4590 ms
2026-04-30 17:45:07.885 -03:00 [INF] HTTP GET /api/usuarios responded 200 in 3.2684 ms
2026-04-30 17:45:07.895 -03:00 [INF] HTTP GET /api/rotas responded 200 in 1.2147 ms
2026-04-30 17:45:07.895 -03:00 [INF] HTTP GET /api/grupos responded 200 in 10.7248 ms
2026-04-30 17:45:07.908 -03:00 [INF] HTTP GET /api/jogos responded 200 in 1.4527 ms
2026-04-30 17:45:07.911 -03:00 [INF] HTTP GET /favicon.ico responded 404 in 1.2960 ms
2026-04-30 17:45:09.306 -03:00 [INF] HTTP GET /api/usuarios responded 200 in 0.7884 ms
2026-04-30 17:45:09.307 -03:00 [INF] HTTP GET /api/rotas responded 200 in 0.4822 ms
2026-04-30 17:45:09.307 -03:00 [INF] HTTP GET /api/grupos responded 200 in 0.9462 ms
2026-04-30 17:45:09.965 -03:00 [INF] HTTP GET /api/grupos responded 200 in 1.7692 ms
2026-04-30 17:45:09.966 -03:00 [INF] HTTP GET /api/usuarios responded 200 in 1.2747 ms
2026-04-30 17:45:11.277 -03:00 [INF] HTTP GET /api/usuarios responded 200 in 0.8602 ms
2026-04-30 17:45:11.278 -03:00 [INF] HTTP GET /api/rotas responded 200 in 0.9181 ms
2026-04-30 17:45:11.278 -03:00 [INF] HTTP GET /api/jogos responded 200 in 0.5332 ms
2026-04-30 17:45:11.279 -03:00 [INF] HTTP GET /api/grupos responded 200 in 1.3798 ms
2026-04-30 18:57:58.897 -03:00 [WRN] The navigation 'Grupo.Membros' was first mapped explicitly and then ignored. Consider not mapping the navigation in the first place.
2026-04-30 18:58:00.107 -03:00 [INF] HTTP GET /health responded 200 in 34.9052 ms
2026-04-30 18:58:00.858 -03:00 [INF] HTTP GET / responded 302 in 1.9647 ms
2026-04-30 18:58:00.911 -03:00 [INF] HTTP GET /index.html responded 200 in 43.7525 ms
2026-04-30 18:58:01.041 -03:00 [INF] HTTP GET /js/api.js responded 200 in 3.3617 ms
2026-04-30 18:58:01.042 -03:00 [INF] HTTP GET /css/app.css responded 200 in 4.7417 ms
2026-04-30 18:58:01.044 -03:00 [INF] HTTP GET /js/app.js responded 200 in 1.6393 ms
2026-04-30 18:58:01.170 -03:00 [INF] HTTP GET /favicon.ico responded 404 in 1.9829 ms
2026-04-30 18:58:10.133 -03:00 [INF] HTTP GET /api/jogos responded 200 in 228.8549 ms
2026-04-30 18:58:10.211 -03:00 [INF] HTTP GET /api/rotas responded 200 in 306.4287 ms
2026-04-30 18:58:10.214 -03:00 [INF] HTTP GET /api/usuarios responded 200 in 309.6309 ms
2026-04-30 18:58:10.253 -03:00 [INF] HTTP GET /api/grupos responded 200 in 348.5851 ms
2026-04-30 18:58:15.802 -03:00 [INF] HTTP GET /api/rotas responded 200 in 47.9492 ms
2026-04-30 18:58:15.802 -03:00 [INF] HTTP GET /api/usuarios responded 200 in 48.0867 ms
2026-04-30 18:58:15.803 -03:00 [INF] HTTP GET /api/grupos responded 200 in 49.3615 ms
2026-04-30 18:58:19.780 -03:00 [INF] HTTP GET /api/usuarios/a577c41f-e022-4538-a794-682438dce6e5 responded 200 in 25.6720 ms
2026-04-30 18:58:28.509 -03:00 [INF] HTTP GET /api/usuarios responded 200 in 1.5693 ms
2026-04-30 18:58:28.515 -03:00 [INF] HTTP GET /api/grupos responded 200 in 7.7517 ms
2026-04-30 18:58:30.290 -03:00 [INF] HTTP GET /api/rotas responded 200 in 5.6390 ms
2026-04-30 18:58:31.280 -03:00 [INF] HTTP GET /api/jogos responded 200 in 5.1332 ms
2026-04-30 18:58:33.012 -03:00 [INF] HTTP GET /api/rotas responded 200 in 1.5147 ms
2026-04-30 18:58:33.012 -03:00 [INF] HTTP GET /api/usuarios responded 200 in 1.5067 ms
2026-04-30 18:58:33.013 -03:00 [INF] HTTP GET /api/grupos responded 200 in 2.0063 ms
2026-04-30 18:58:33.015 -03:00 [INF] HTTP GET /api/jogos responded 200 in 4.2839 ms
2026-04-30 18:59:28.568 -03:00 [INF] HTTP GET /api/rotas responded 200 in 2.8618 ms
2026-04-30 18:59:28.568 -03:00 [INF] HTTP GET /api/usuarios responded 200 in 3.7673 ms
2026-04-30 18:59:28.570 -03:00 [INF] HTTP GET /api/grupos responded 200 in 5.2892 ms
2026-04-30 18:59:32.135 -03:00 [INF] HTTP GET /api/usuarios responded 200 in 2.1414 ms
2026-04-30 18:59:32.137 -03:00 [INF] HTTP GET /api/grupos responded 200 in 4.2553 ms
2026-04-30 18:59:32.881 -03:00 [INF] HTTP GET /api/rotas responded 200 in 2.2409 ms
2026-04-30 18:59:33.338 -03:00 [INF] HTTP GET /api/jogos responded 200 in 1.1480 ms
2026-04-30 18:59:37.695 -03:00 [INF] HTTP GET /api/rotas responded 200 in 1.1696 ms
2026-04-30 18:59:38.324 -03:00 [INF] HTTP GET /api/usuarios responded 200 in 2.4060 ms
2026-04-30 18:59:38.325 -03:00 [INF] HTTP GET /api/grupos responded 200 in 3.8056 ms
2026-04-30 18:59:38.698 -03:00 [INF] HTTP GET /api/usuarios responded 200 in 1.3864 ms
2026-04-30 18:59:38.698 -03:00 [INF] HTTP GET /api/rotas responded 200 in 1.4312 ms
2026-04-30 18:59:38.699 -03:00 [INF] HTTP GET /api/grupos responded 200 in 1.9371 ms
2026-04-30 19:00:13.694 -03:00 [INF] HTTP POST /api/usuarios responded 201 in 99.9188 ms
2026-04-30 19:00:13.698 -03:00 [INF] HTTP GET /api/usuarios responded 200 in 1.0760 ms
2026-04-30 19:00:13.698 -03:00 [INF] HTTP GET /api/rotas responded 200 in 0.6632 ms
2026-04-30 19:00:13.698 -03:00 [INF] HTTP GET /api/grupos responded 200 in 1.2239 ms
2026-04-30 19:47:56.037 -03:00 [WRN] The navigation 'Grupo.Membros' was first mapped explicitly and then ignored. Consider not mapping the navigation in the first place.
2026-04-30 19:47:57.406 -03:00 [INF] HTTP GET /health responded 200 in 31.4154 ms
2026-04-30 19:47:58.302 -03:00 [INF] HTTP GET / responded 302 in 2.3454 ms
2026-04-30 19:47:58.360 -03:00 [INF] HTTP GET /index.html responded 200 in 49.5797 ms
2026-04-30 19:47:58.438 -03:00 [INF] HTTP GET /js/api.js responded 200 in 1.8234 ms
2026-04-30 19:47:58.438 -03:00 [INF] HTTP GET /css/app.css responded 200 in 2.4566 ms
2026-04-30 19:47:58.439 -03:00 [INF] HTTP GET /js/app.js responded 200 in 1.5578 ms
2026-04-30 19:47:58.548 -03:00 [INF] HTTP GET /favicon.ico responded 404 in 1.9717 ms
2026-04-30 19:57:09.663 -03:00 [WRN] The navigation 'Grupo.Membros' was first mapped explicitly and then ignored. Consider not mapping the navigation in the first place.
2026-04-30 19:57:10.848 -03:00 [INF] HTTP GET /health responded 200 in 22.0986 ms
2026-04-30 19:57:11.473 -03:00 [INF] HTTP GET / responded 302 in 2.6495 ms
2026-04-30 19:57:11.491 -03:00 [INF] HTTP GET /index.html responded 304 in 9.7881 ms
2026-04-30 19:57:11.601 -03:00 [INF] HTTP GET /css/app.css responded 304 in 1.7781 ms
2026-04-30 19:57:11.603 -03:00 [INF] HTTP GET /js/api.js responded 304 in 0.8112 ms
2026-04-30 19:57:11.603 -03:00 [INF] HTTP GET /js/app.js responded 304 in 0.7001 ms
2026-04-30 19:57:11.697 -03:00 [INF] HTTP GET /favicon.ico responded 404 in 1.7061 ms
2026-04-30 19:57:18.334 -03:00 [INF] HTTP GET /api/jogos responded 200 in 138.2742 ms
2026-04-30 19:57:18.385 -03:00 [INF] HTTP GET /api/rotas responded 200 in 189.2220 ms
2026-04-30 19:57:18.388 -03:00 [INF] HTTP GET /api/usuarios responded 200 in 193.5054 ms
2026-04-30 19:57:18.422 -03:00 [INF] HTTP GET /api/grupos responded 200 in 228.0348 ms
2026-04-30 19:57:42.062 -03:00 [INF] HTTP GET /api/rotas responded 200 in 35.9328 ms
2026-04-30 19:57:42.063 -03:00 [INF] HTTP GET /api/jogos responded 200 in 36.4020 ms
2026-04-30 19:57:42.065 -03:00 [INF] HTTP GET /api/usuarios responded 200 in 39.4282 ms
2026-04-30 19:57:42.067 -03:00 [INF] HTTP GET /api/grupos responded 200 in 41.5413 ms
2026-04-30 19:59:43.200 -03:00 [WRN] The navigation 'Grupo.Membros' was first mapped explicitly and then ignored. Consider not mapping the navigation in the first place.
2026-04-30 19:59:43.841 -03:00 [INF] HTTP GET /health responded 200 in 24.8153 ms
2026-04-30 19:59:44.381 -03:00 [INF] HTTP GET / responded 302 in 2.7676 ms
2026-04-30 19:59:44.548 -03:00 [INF] HTTP GET /favicon.ico responded 404 in 4.2943 ms
2026-04-30 20:03:04.017 -03:00 [WRN] The navigation 'Grupo.Membros' was first mapped explicitly and then ignored. Consider not mapping the navigation in the first place.
2026-04-30 20:03:04.653 -03:00 [INF] HTTP GET /health responded 200 in 17.8111 ms
2026-04-30 20:03:05.215 -03:00 [INF] HTTP GET / responded 302 in 2.5543 ms
2026-04-30 20:03:05.373 -03:00 [INF] HTTP GET /favicon.ico responded 404 in 3.4233 ms
2026-04-30 20:03:13.916 -03:00 [INF] HTTP GET /api/jogos responded 200 in 100.8654 ms
2026-04-30 20:03:13.952 -03:00 [INF] HTTP GET /api/rotas responded 200 in 137.2819 ms
2026-04-30 20:03:13.953 -03:00 [INF] HTTP GET /api/usuarios responded 200 in 140.8460 ms
2026-04-30 20:03:13.978 -03:00 [INF] HTTP GET /api/grupos responded 200 in 163.2186 ms
2026-04-30 20:03:18.987 -03:00 [INF] HTTP GET /api/jogos responded 200 in 40.7424 ms
2026-04-30 20:03:48.419 -03:00 [INF] HTTP POST /api/jogos responded 201 in 89.0613 ms
2026-04-30 20:03:48.431 -03:00 [INF] HTTP GET /api/jogos responded 200 in 8.8189 ms
2026-04-30 20:03:53.695 -03:00 [INF] HTTP GET /api/usuarios responded 200 in 4.0333 ms
2026-04-30 20:03:53.700 -03:00 [INF] HTTP GET /api/jogos/9529ed6f-c547-4b66-8c8c-901dad847c15/presencas responded 200 in 7.5956 ms
2026-04-30 20:03:54.855 -03:00 [INF] HTTP POST /api/jogos/9529ed6f-c547-4b66-8c8c-901dad847c15/presencas responded 201 in 64.9236 ms
2026-04-30 20:03:55.187 -03:00 [INF] HTTP POST /api/jogos/9529ed6f-c547-4b66-8c8c-901dad847c15/presencas responded 201 in 5.7893 ms
2026-04-30 20:03:55.585 -03:00 [INF] HTTP POST /api/jogos/9529ed6f-c547-4b66-8c8c-901dad847c15/presencas responded 201 in 18.8562 ms
2026-04-30 20:03:59.997 -03:00 [INF] HTTP GET /api/jogos/9529ed6f-c547-4b66-8c8c-901dad847c15/presencas responded 200 in 2.4646 ms
2026-04-30 20:03:59.997 -03:00 [INF] HTTP GET /api/usuarios responded 200 in 2.6151 ms
2026-04-30 20:04:06.706 -03:00 [INF] HTTP GET /api/jogos/9529ed6f-c547-4b66-8c8c-901dad847c15/presencas responded 200 in 2.8151 ms
2026-04-30 20:04:06.717 -03:00 [INF] HTTP DELETE /api/jogos/9529ed6f-c547-4b66-8c8c-901dad847c15/presencas/605c2996-c1a5-496e-b5e6-5e5204d1b62b responded 404 in 6.3045 ms
2026-04-30 20:04:07.284 -03:00 [INF] HTTP GET /api/jogos/9529ed6f-c547-4b66-8c8c-901dad847c15/presencas responded 200 in 2.2662 ms
2026-04-30 20:04:07.293 -03:00 [INF] HTTP DELETE /api/jogos/9529ed6f-c547-4b66-8c8c-901dad847c15/presencas/4a0d02f6-cc2f-4a93-a45b-04ab164028a3 responded 404 in 1.2118 ms
2026-04-30 20:04:07.705 -03:00 [INF] HTTP GET /api/jogos/9529ed6f-c547-4b66-8c8c-901dad847c15/presencas responded 200 in 2.3378 ms
2026-04-30 20:04:07.710 -03:00 [INF] HTTP DELETE /api/jogos/9529ed6f-c547-4b66-8c8c-901dad847c15/presencas/afbcf7c6-7c82-4332-80c9-bd41e9c6fdd9 responded 404 in 0.7634 ms
2026-04-30 20:04:08.602 -03:00 [ERR] HTTP POST /api/jogos/9529ed6f-c547-4b66-8c8c-901dad847c15/presencas responded 500 in 5.3079 ms
CaronaAlvinegra.Domain.Entities.DomainException: Usuário já possui presença marcada neste jogo.
   at CaronaAlvinegra.Application.Services.PresencaAppService.MarcarPresencaAsync(Guid jogoId, MarcarPresencaRequest request, CancellationToken ct) in c:\Users\dudsl\Documents\GitHub\sistema-organizacao-vans\src\CaronaAlvinegra.Application\Services\PresencaAppService.cs:line 49
   at CaronaAlvinegra.Api.Endpoints.PresencaEndpoints.<>c.<<MapPresencaEndpoints>b__0_0>d.MoveNext() in c:\Users\dudsl\Documents\GitHub\sistema-organizacao-vans\src\CaronaAlvinegra.Api\Endpoints\PresencaEndpoints.cs:line 14
--- End of stack trace from previous location ---
   at Microsoft.AspNetCore.Http.RequestDelegateFactory.ExecuteTaskResult[T](Task`1 task, HttpContext httpContext)
   at Microsoft.AspNetCore.Http.RequestDelegateFactory.<>c__DisplayClass101_2.<<HandleRequestBodyAndCompileRequestDelegateForJson>b__2>d.MoveNext()
--- End of stack trace from previous location ---
   at Swashbuckle.AspNetCore.SwaggerUI.SwaggerUIMiddleware.Invoke(HttpContext httpContext)
   at Swashbuckle.AspNetCore.Swagger.SwaggerMiddleware.Invoke(HttpContext httpContext, ISwaggerProvider swaggerProvider)
   at Serilog.AspNetCore.RequestLoggingMiddleware.Invoke(HttpContext httpContext)
2026-04-30 20:04:08.641 -03:00 [WRN] Domain rule violation
CaronaAlvinegra.Domain.Entities.DomainException: Usuário já possui presença marcada neste jogo.
   at CaronaAlvinegra.Application.Services.PresencaAppService.MarcarPresencaAsync(Guid jogoId, MarcarPresencaRequest request, CancellationToken ct) in c:\Users\dudsl\Documents\GitHub\sistema-organizacao-vans\src\CaronaAlvinegra.Application\Services\PresencaAppService.cs:line 49
   at CaronaAlvinegra.Api.Endpoints.PresencaEndpoints.<>c.<<MapPresencaEndpoints>b__0_0>d.MoveNext() in c:\Users\dudsl\Documents\GitHub\sistema-organizacao-vans\src\CaronaAlvinegra.Api\Endpoints\PresencaEndpoints.cs:line 14
--- End of stack trace from previous location ---
   at Microsoft.AspNetCore.Http.RequestDelegateFactory.ExecuteTaskResult[T](Task`1 task, HttpContext httpContext)
   at Microsoft.AspNetCore.Http.RequestDelegateFactory.<>c__DisplayClass101_2.<<HandleRequestBodyAndCompileRequestDelegateForJson>b__2>d.MoveNext()
--- End of stack trace from previous location ---
   at Swashbuckle.AspNetCore.SwaggerUI.SwaggerUIMiddleware.Invoke(HttpContext httpContext)
   at Swashbuckle.AspNetCore.Swagger.SwaggerMiddleware.Invoke(HttpContext httpContext, ISwaggerProvider swaggerProvider)
   at Serilog.AspNetCore.RequestLoggingMiddleware.Invoke(HttpContext httpContext)
   at CaronaAlvinegra.Api.Middleware.ExceptionHandlingMiddleware.InvokeAsync(HttpContext context) in c:\Users\dudsl\Documents\GitHub\sistema-organizacao-vans\src\CaronaAlvinegra.Api\Middleware\ExceptionHandlingMiddleware.cs:line 23
2026-04-30 20:04:08.989 -03:00 [ERR] HTTP POST /api/jogos/9529ed6f-c547-4b66-8c8c-901dad847c15/presencas responded 500 in 2.1515 ms
CaronaAlvinegra.Domain.Entities.DomainException: Usuário já possui presença marcada neste jogo.
   at CaronaAlvinegra.Application.Services.PresencaAppService.MarcarPresencaAsync(Guid jogoId, MarcarPresencaRequest request, CancellationToken ct) in c:\Users\dudsl\Documents\GitHub\sistema-organizacao-vans\src\CaronaAlvinegra.Application\Services\PresencaAppService.cs:line 49
   at CaronaAlvinegra.Api.Endpoints.PresencaEndpoints.<>c.<<MapPresencaEndpoints>b__0_0>d.MoveNext() in c:\Users\dudsl\Documents\GitHub\sistema-organizacao-vans\src\CaronaAlvinegra.Api\Endpoints\PresencaEndpoints.cs:line 14
--- End of stack trace from previous location ---
   at Microsoft.AspNetCore.Http.RequestDelegateFactory.ExecuteTaskResult[T](Task`1 task, HttpContext httpContext)
   at Microsoft.AspNetCore.Http.RequestDelegateFactory.<>c__DisplayClass101_2.<<HandleRequestBodyAndCompileRequestDelegateForJson>b__2>d.MoveNext()
--- End of stack trace from previous location ---
   at Swashbuckle.AspNetCore.SwaggerUI.SwaggerUIMiddleware.Invoke(HttpContext httpContext)
   at Swashbuckle.AspNetCore.Swagger.SwaggerMiddleware.Invoke(HttpContext httpContext, ISwaggerProvider swaggerProvider)
   at Serilog.AspNetCore.RequestLoggingMiddleware.Invoke(HttpContext httpContext)
2026-04-30 20:04:08.990 -03:00 [WRN] Domain rule violation
CaronaAlvinegra.Domain.Entities.DomainException: Usuário já possui presença marcada neste jogo.
   at CaronaAlvinegra.Application.Services.PresencaAppService.MarcarPresencaAsync(Guid jogoId, MarcarPresencaRequest request, CancellationToken ct) in c:\Users\dudsl\Documents\GitHub\sistema-organizacao-vans\src\CaronaAlvinegra.Application\Services\PresencaAppService.cs:line 49
   at CaronaAlvinegra.Api.Endpoints.PresencaEndpoints.<>c.<<MapPresencaEndpoints>b__0_0>d.MoveNext() in c:\Users\dudsl\Documents\GitHub\sistema-organizacao-vans\src\CaronaAlvinegra.Api\Endpoints\PresencaEndpoints.cs:line 14
--- End of stack trace from previous location ---
   at Microsoft.AspNetCore.Http.RequestDelegateFactory.ExecuteTaskResult[T](Task`1 task, HttpContext httpContext)
   at Microsoft.AspNetCore.Http.RequestDelegateFactory.<>c__DisplayClass101_2.<<HandleRequestBodyAndCompileRequestDelegateForJson>b__2>d.MoveNext()
--- End of stack trace from previous location ---
   at Swashbuckle.AspNetCore.SwaggerUI.SwaggerUIMiddleware.Invoke(HttpContext httpContext)
   at Swashbuckle.AspNetCore.Swagger.SwaggerMiddleware.Invoke(HttpContext httpContext, ISwaggerProvider swaggerProvider)
   at Serilog.AspNetCore.RequestLoggingMiddleware.Invoke(HttpContext httpContext)
   at CaronaAlvinegra.Api.Middleware.ExceptionHandlingMiddleware.InvokeAsync(HttpContext context) in c:\Users\dudsl\Documents\GitHub\sistema-organizacao-vans\src\CaronaAlvinegra.Api\Middleware\ExceptionHandlingMiddleware.cs:line 23
2026-04-30 20:04:14.127 -03:00 [ERR] HTTP POST /api/jogos/9529ed6f-c547-4b66-8c8c-901dad847c15/presencas responded 500 in 3.1787 ms
CaronaAlvinegra.Domain.Entities.DomainException: Usuário já possui presença marcada neste jogo.
   at CaronaAlvinegra.Application.Services.PresencaAppService.MarcarPresencaAsync(Guid jogoId, MarcarPresencaRequest request, CancellationToken ct) in c:\Users\dudsl\Documents\GitHub\sistema-organizacao-vans\src\CaronaAlvinegra.Application\Services\PresencaAppService.cs:line 49
   at CaronaAlvinegra.Api.Endpoints.PresencaEndpoints.<>c.<<MapPresencaEndpoints>b__0_0>d.MoveNext() in c:\Users\dudsl\Documents\GitHub\sistema-organizacao-vans\src\CaronaAlvinegra.Api\Endpoints\PresencaEndpoints.cs:line 14
--- End of stack trace from previous location ---
   at Microsoft.AspNetCore.Http.RequestDelegateFactory.ExecuteTaskResult[T](Task`1 task, HttpContext httpContext)
   at Microsoft.AspNetCore.Http.RequestDelegateFactory.<>c__DisplayClass101_2.<<HandleRequestBodyAndCompileRequestDelegateForJson>b__2>d.MoveNext()
--- End of stack trace from previous location ---
   at Swashbuckle.AspNetCore.SwaggerUI.SwaggerUIMiddleware.Invoke(HttpContext httpContext)
   at Swashbuckle.AspNetCore.Swagger.SwaggerMiddleware.Invoke(HttpContext httpContext, ISwaggerProvider swaggerProvider)
   at Serilog.AspNetCore.RequestLoggingMiddleware.Invoke(HttpContext httpContext)
2026-04-30 20:04:14.129 -03:00 [WRN] Domain rule violation
CaronaAlvinegra.Domain.Entities.DomainException: Usuário já possui presença marcada neste jogo.
   at CaronaAlvinegra.Application.Services.PresencaAppService.MarcarPresencaAsync(Guid jogoId, MarcarPresencaRequest request, CancellationToken ct) in c:\Users\dudsl\Documents\GitHub\sistema-organizacao-vans\src\CaronaAlvinegra.Application\Services\PresencaAppService.cs:line 49
   at CaronaAlvinegra.Api.Endpoints.PresencaEndpoints.<>c.<<MapPresencaEndpoints>b__0_0>d.MoveNext() in c:\Users\dudsl\Documents\GitHub\sistema-organizacao-vans\src\CaronaAlvinegra.Api\Endpoints\PresencaEndpoints.cs:line 14
--- End of stack trace from previous location ---
   at Microsoft.AspNetCore.Http.RequestDelegateFactory.ExecuteTaskResult[T](Task`1 task, HttpContext httpContext)
   at Microsoft.AspNetCore.Http.RequestDelegateFactory.<>c__DisplayClass101_2.<<HandleRequestBodyAndCompileRequestDelegateForJson>b__2>d.MoveNext()
--- End of stack trace from previous location ---
   at Swashbuckle.AspNetCore.SwaggerUI.SwaggerUIMiddleware.Invoke(HttpContext httpContext)
   at Swashbuckle.AspNetCore.Swagger.SwaggerMiddleware.Invoke(HttpContext httpContext, ISwaggerProvider swaggerProvider)
   at Serilog.AspNetCore.RequestLoggingMiddleware.Invoke(HttpContext httpContext)
   at CaronaAlvinegra.Api.Middleware.ExceptionHandlingMiddleware.InvokeAsync(HttpContext context) in c:\Users\dudsl\Documents\GitHub\sistema-organizacao-vans\src\CaronaAlvinegra.Api\Middleware\ExceptionHandlingMiddleware.cs:line 23
2026-04-30 20:04:16.725 -03:00 [INF] HTTP GET /index.html responded 304 in 3.4487 ms
2026-04-30 20:04:16.738 -03:00 [INF] HTTP GET /css/app.css responded 304 in 0.4646 ms
2026-04-30 20:04:16.738 -03:00 [INF] HTTP GET /js/app.js responded 304 in 0.5187 ms
2026-04-30 20:04:16.738 -03:00 [INF] HTTP GET /js/api.js responded 304 in 0.5162 ms
2026-04-30 20:04:20.533 -03:00 [INF] HTTP GET /api/usuarios responded 200 in 2.4658 ms
2026-04-30 20:04:20.534 -03:00 [INF] HTTP GET /api/rotas responded 200 in 2.8545 ms
2026-04-30 20:04:20.535 -03:00 [INF] HTTP GET /api/grupos responded 200 in 3.6699 ms
2026-04-30 20:04:20.535 -03:00 [INF] HTTP GET /api/jogos responded 200 in 3.9109 ms
2026-04-30 20:04:22.298 -03:00 [INF] HTTP GET /api/jogos responded 200 in 2.7103 ms
2026-04-30 20:04:27.051 -03:00 [INF] HTTP POST /api/jogos/9529ed6f-c547-4b66-8c8c-901dad847c15/alocar responded 200 in 29.6038 ms
2026-04-30 20:04:32.915 -03:00 [INF] HTTP POST /api/jogos/9529ed6f-c547-4b66-8c8c-901dad847c15/alocar responded 200 in 5.1513 ms
2026-04-30 20:04:32.922 -03:00 [INF] HTTP GET /api/jogos responded 200 in 1.3765 ms
2026-04-30 20:04:34.488 -03:00 [INF] HTTP POST /api/jogos/9529ed6f-c547-4b66-8c8c-901dad847c15/alocar responded 200 in 13.9126 ms
2026-04-30 20:04:36.822 -03:00 [INF] HTTP POST /api/jogos/9529ed6f-c547-4b66-8c8c-901dad847c15/alocar responded 200 in 3.4166 ms
2026-04-30 20:04:37.782 -03:00 [INF] HTTP GET /api/rotas responded 200 in 2.6856 ms
2026-04-30 20:04:38.400 -03:00 [INF] HTTP GET /api/usuarios responded 200 in 2.0873 ms
2026-04-30 20:04:38.405 -03:00 [INF] HTTP GET /api/grupos responded 200 in 6.7374 ms
2026-04-30 20:04:39.317 -03:00 [INF] HTTP GET /api/usuarios responded 200 in 1.6384 ms
2026-04-30 20:04:39.317 -03:00 [INF] HTTP GET /api/rotas responded 200 in 1.5947 ms
2026-04-30 20:04:39.318 -03:00 [INF] HTTP GET /api/grupos responded 200 in 2.5008 ms
2026-04-30 20:04:40.219 -03:00 [INF] HTTP GET /api/rotas responded 200 in 1.7975 ms
2026-04-30 20:04:40.219 -03:00 [INF] HTTP GET /api/usuarios responded 200 in 1.9183 ms
2026-04-30 20:04:40.220 -03:00 [INF] HTTP GET /api/grupos responded 200 in 2.5904 ms
2026-04-30 20:04:40.220 -03:00 [INF] HTTP GET /api/jogos responded 200 in 2.7449 ms
2026-04-30 20:04:41.675 -03:00 [INF] HTTP GET /api/jogos responded 200 in 1.7121 ms
2026-04-30 20:04:44.835 -03:00 [INF] HTTP GET /api/usuarios responded 200 in 1.5370 ms
2026-04-30 20:04:44.835 -03:00 [INF] HTTP GET /api/jogos/9529ed6f-c547-4b66-8c8c-901dad847c15/presencas responded 200 in 1.4967 ms
2026-04-30 20:04:48.384 -03:00 [INF] HTTP GET /api/rotas responded 200 in 1.8754 ms
2026-04-30 20:04:50.014 -03:00 [INF] HTTP GET /api/rotas responded 200 in 1.1179 ms
2026-04-30 20:04:50.014 -03:00 [INF] HTTP GET /api/usuarios responded 200 in 1.2187 ms
2026-04-30 20:04:50.015 -03:00 [INF] HTTP GET /api/grupos responded 200 in 1.7803 ms
2026-04-30 20:05:11.121 -03:00 [INF] HTTP POST /api/usuarios responded 201 in 28.1549 ms
2026-04-30 20:05:11.125 -03:00 [INF] HTTP GET /api/usuarios responded 200 in 0.7625 ms
2026-04-30 20:05:11.125 -03:00 [INF] HTTP GET /api/rotas responded 200 in 0.5014 ms
2026-04-30 20:05:11.125 -03:00 [INF] HTTP GET /api/grupos responded 200 in 0.8849 ms
2026-04-30 20:05:13.010 -03:00 [INF] HTTP GET /api/jogos responded 200 in 1.4076 ms
2026-04-30 20:05:14.892 -03:00 [INF] HTTP GET /api/usuarios responded 200 in 1.4256 ms
2026-04-30 20:05:14.892 -03:00 [INF] HTTP GET /api/jogos/9529ed6f-c547-4b66-8c8c-901dad847c15/presencas responded 200 in 1.3968 ms
2026-04-30 20:05:15.852 -03:00 [INF] HTTP POST /api/jogos/9529ed6f-c547-4b66-8c8c-901dad847c15/presencas responded 201 in 17.4527 ms
2026-04-30 20:05:19.576 -03:00 [INF] HTTP POST /api/jogos/9529ed6f-c547-4b66-8c8c-901dad847c15/alocar responded 200 in 2.6216 ms
2026-04-30 20:05:19.582 -03:00 [INF] HTTP GET /api/jogos responded 200 in 0.8185 ms
2026-04-30 20:05:23.306 -03:00 [INF] HTTP POST /api/jogos/9529ed6f-c547-4b66-8c8c-901dad847c15/alocar responded 200 in 2.6248 ms
2026-04-30 20:05:53.100 -03:00 [INF] HTTP POST /api/jogos/9529ed6f-c547-4b66-8c8c-901dad847c15/alocar responded 200 in 3.1214 ms
2026-04-30 20:05:53.835 -03:00 [INF] HTTP POST /api/jogos/9529ed6f-c547-4b66-8c8c-901dad847c15/alocar responded 200 in 2.5758 ms
2026-04-30 20:05:57.773 -03:00 [INF] HTTP GET /api/usuarios responded 200 in 1.6867 ms
2026-04-30 20:05:57.774 -03:00 [INF] HTTP GET /api/grupos responded 200 in 2.3852 ms
2026-04-30 20:05:57.774 -03:00 [INF] HTTP GET /api/rotas responded 200 in 1.4508 ms
2026-04-30 20:05:57.775 -03:00 [INF] HTTP GET /api/jogos responded 200 in 2.2181 ms
2026-04-30 20:05:58.653 -03:00 [INF] HTTP GET /api/rotas responded 200 in 1.4327 ms
2026-04-30 20:05:58.653 -03:00 [INF] HTTP GET /api/usuarios responded 200 in 1.4634 ms
2026-04-30 20:05:58.654 -03:00 [INF] HTTP GET /api/grupos responded 200 in 2.0851 ms
2026-04-30 20:06:20.788 -03:00 [INF] HTTP POST /api/usuarios responded 201 in 2.5268 ms
2026-04-30 20:06:20.804 -03:00 [INF] HTTP GET /api/usuarios responded 200 in 1.8413 ms
2026-04-30 20:06:20.805 -03:00 [INF] HTTP GET /api/grupos responded 200 in 2.1990 ms
2026-04-30 20:06:20.805 -03:00 [INF] HTTP GET /api/rotas responded 200 in 1.4108 ms
2026-04-30 20:06:26.185 -03:00 [INF] HTTP GET /api/jogos responded 200 in 2.5895 ms
2026-04-30 20:06:28.620 -03:00 [INF] HTTP GET /api/jogos/9529ed6f-c547-4b66-8c8c-901dad847c15/presencas responded 200 in 1.4147 ms
2026-04-30 20:06:28.620 -03:00 [INF] HTTP GET /api/usuarios responded 200 in 0.9962 ms
2026-04-30 20:06:30.669 -03:00 [INF] HTTP POST /api/jogos/9529ed6f-c547-4b66-8c8c-901dad847c15/presencas responded 201 in 6.6989 ms
2026-04-30 20:06:33.215 -03:00 [INF] HTTP POST /api/jogos/9529ed6f-c547-4b66-8c8c-901dad847c15/alocar responded 200 in 3.2242 ms
2026-04-30 20:06:33.221 -03:00 [INF] HTTP GET /api/jogos responded 200 in 0.7653 ms
2026-04-30 20:06:40.047 -03:00 [INF] HTTP DELETE /api/jogos/9529ed6f-c547-4b66-8c8c-901dad847c15 responded 204 in 15.1019 ms
2026-04-30 20:06:40.051 -03:00 [INF] HTTP GET /api/jogos responded 200 in 0.5419 ms
2026-04-30 20:07:01.645 -03:00 [INF] HTTP POST /api/jogos responded 201 in 14.9390 ms
2026-04-30 20:07:01.650 -03:00 [INF] HTTP GET /api/jogos responded 200 in 0.8366 ms
2026-04-30 20:07:02.864 -03:00 [INF] HTTP GET /api/jogos/c2a65b69-3a6d-4e55-9feb-1759211d111e/presencas responded 200 in 1.3411 ms
2026-04-30 20:07:02.864 -03:00 [INF] HTTP GET /api/usuarios responded 200 in 1.0387 ms
2026-04-30 20:07:04.684 -03:00 [INF] HTTP POST /api/jogos/c2a65b69-3a6d-4e55-9feb-1759211d111e/presencas responded 201 in 18.3189 ms
2026-04-30 20:07:05.134 -03:00 [INF] HTTP POST /api/jogos/c2a65b69-3a6d-4e55-9feb-1759211d111e/presencas responded 201 in 18.1287 ms
2026-04-30 20:07:06.293 -03:00 [INF] HTTP POST /api/jogos/c2a65b69-3a6d-4e55-9feb-1759211d111e/presencas responded 201 in 18.1942 ms
2026-04-30 20:07:06.736 -03:00 [INF] HTTP POST /api/jogos/c2a65b69-3a6d-4e55-9feb-1759211d111e/presencas responded 201 in 17.3131 ms
2026-04-30 20:07:07.149 -03:00 [INF] HTTP POST /api/jogos/c2a65b69-3a6d-4e55-9feb-1759211d111e/presencas responded 201 in 18.1191 ms
2026-04-30 20:07:10.342 -03:00 [INF] HTTP GET /api/rotas responded 200 in 0.9428 ms
2026-04-30 20:07:10.757 -03:00 [INF] HTTP GET /api/jogos responded 200 in 1.7808 ms
2026-04-30 20:07:14.937 -03:00 [INF] HTTP POST /api/jogos/c2a65b69-3a6d-4e55-9feb-1759211d111e/alocar responded 200 in 2.6444 ms
2026-04-30 20:07:14.944 -03:00 [INF] HTTP GET /api/jogos responded 200 in 0.9829 ms
2026-04-30 20:07:16.997 -03:00 [INF] HTTP POST /api/jogos/c2a65b69-3a6d-4e55-9feb-1759211d111e/alocar responded 200 in 2.4445 ms
2026-04-30 20:07:19.388 -03:00 [INF] HTTP GET /api/jogos/c2a65b69-3a6d-4e55-9feb-1759211d111e/presencas responded 200 in 1.1936 ms
2026-04-30 20:07:19.389 -03:00 [INF] HTTP GET /api/usuarios responded 200 in 1.3539 ms
2026-04-30 20:07:22.329 -03:00 [INF] HTTP GET /api/jogos/c2a65b69-3a6d-4e55-9feb-1759211d111e/presencas responded 200 in 1.4370 ms
2026-04-30 20:07:22.329 -03:00 [INF] HTTP GET /api/usuarios responded 200 in 1.5301 ms
2026-04-30 20:07:23.282 -03:00 [INF] HTTP GET /api/jogos/c2a65b69-3a6d-4e55-9feb-1759211d111e/presencas responded 200 in 1.3909 ms
2026-04-30 20:07:23.296 -03:00 [INF] HTTP DELETE /api/jogos/c2a65b69-3a6d-4e55-9feb-1759211d111e/presencas/190d43b1-fd03-4dca-a3a7-d43e6b059b3b responded 404 in 0.5230 ms
2026-04-30 20:07:25.666 -03:00 [ERR] HTTP POST /api/jogos/c2a65b69-3a6d-4e55-9feb-1759211d111e/presencas responded 500 in 2.5663 ms
CaronaAlvinegra.Domain.Entities.DomainException: Usuário já possui presença marcada neste jogo.
   at CaronaAlvinegra.Application.Services.PresencaAppService.MarcarPresencaAsync(Guid jogoId, MarcarPresencaRequest request, CancellationToken ct) in c:\Users\dudsl\Documents\GitHub\sistema-organizacao-vans\src\CaronaAlvinegra.Application\Services\PresencaAppService.cs:line 49
   at CaronaAlvinegra.Api.Endpoints.PresencaEndpoints.<>c.<<MapPresencaEndpoints>b__0_0>d.MoveNext() in c:\Users\dudsl\Documents\GitHub\sistema-organizacao-vans\src\CaronaAlvinegra.Api\Endpoints\PresencaEndpoints.cs:line 14
--- End of stack trace from previous location ---
   at Microsoft.AspNetCore.Http.RequestDelegateFactory.ExecuteTaskResult[T](Task`1 task, HttpContext httpContext)
   at Microsoft.AspNetCore.Http.RequestDelegateFactory.<>c__DisplayClass101_2.<<HandleRequestBodyAndCompileRequestDelegateForJson>b__2>d.MoveNext()
--- End of stack trace from previous location ---
   at Swashbuckle.AspNetCore.SwaggerUI.SwaggerUIMiddleware.Invoke(HttpContext httpContext)
   at Swashbuckle.AspNetCore.Swagger.SwaggerMiddleware.Invoke(HttpContext httpContext, ISwaggerProvider swaggerProvider)
   at Serilog.AspNetCore.RequestLoggingMiddleware.Invoke(HttpContext httpContext)
2026-04-30 20:07:25.667 -03:00 [WRN] Domain rule violation
CaronaAlvinegra.Domain.Entities.DomainException: Usuário já possui presença marcada neste jogo.
   at CaronaAlvinegra.Application.Services.PresencaAppService.MarcarPresencaAsync(Guid jogoId, MarcarPresencaRequest request, CancellationToken ct) in c:\Users\dudsl\Documents\GitHub\sistema-organizacao-vans\src\CaronaAlvinegra.Application\Services\PresencaAppService.cs:line 49
   at CaronaAlvinegra.Api.Endpoints.PresencaEndpoints.<>c.<<MapPresencaEndpoints>b__0_0>d.MoveNext() in c:\Users\dudsl\Documents\GitHub\sistema-organizacao-vans\src\CaronaAlvinegra.Api\Endpoints\PresencaEndpoints.cs:line 14
--- End of stack trace from previous location ---
   at Microsoft.AspNetCore.Http.RequestDelegateFactory.ExecuteTaskResult[T](Task`1 task, HttpContext httpContext)
   at Microsoft.AspNetCore.Http.RequestDelegateFactory.<>c__DisplayClass101_2.<<HandleRequestBodyAndCompileRequestDelegateForJson>b__2>d.MoveNext()
--- End of stack trace from previous location ---
   at Swashbuckle.AspNetCore.SwaggerUI.SwaggerUIMiddleware.Invoke(HttpContext httpContext)
   at Swashbuckle.AspNetCore.Swagger.SwaggerMiddleware.Invoke(HttpContext httpContext, ISwaggerProvider swaggerProvider)
   at Serilog.AspNetCore.RequestLoggingMiddleware.Invoke(HttpContext httpContext)
   at CaronaAlvinegra.Api.Middleware.ExceptionHandlingMiddleware.InvokeAsync(HttpContext context) in c:\Users\dudsl\Documents\GitHub\sistema-organizacao-vans\src\CaronaAlvinegra.Api\Middleware\ExceptionHandlingMiddleware.cs:line 23
2026-04-30 20:08:29.671 -03:00 [INF] HTTP GET /api/rotas responded 200 in 1.4171 ms
2026-04-30 20:08:30.831 -03:00 [INF] HTTP GET /api/jogos responded 200 in 1.8273 ms
2026-04-30 20:08:31.236 -03:00 [INF] HTTP GET /api/usuarios responded 200 in 1.2936 ms
2026-04-30 20:08:31.237 -03:00 [INF] HTTP GET /api/grupos responded 200 in 2.0635 ms
2026-04-30 20:08:34.344 -03:00 [INF] HTTP GET /api/usuarios responded 200 in 1.6905 ms
2026-04-30 20:08:34.344 -03:00 [INF] HTTP GET /api/rotas responded 200 in 0.9989 ms
2026-04-30 20:08:34.344 -03:00 [INF] HTTP GET /api/grupos responded 200 in 2.2113 ms
2026-04-30 20:08:35.725 -03:00 [INF] HTTP GET /api/rotas responded 200 in 0.9895 ms
2026-04-30 20:08:35.725 -03:00 [INF] HTTP GET /api/usuarios responded 200 in 1.9342 ms
2026-04-30 20:08:35.726 -03:00 [INF] HTTP GET /api/grupos responded 200 in 1.9418 ms
2026-04-30 20:08:35.728 -03:00 [INF] HTTP GET /api/jogos responded 200 in 1.7756 ms
2026-04-30 20:08:37.249 -03:00 [INF] HTTP GET /api/jogos responded 200 in 1.1928 ms
2026-04-30 20:08:40.101 -03:00 [INF] HTTP POST /api/jogos/c2a65b69-3a6d-4e55-9feb-1759211d111e/alocar responded 200 in 2.8882 ms
2026-04-30 20:08:40.611 -03:00 [INF] HTTP POST /api/jogos/c2a65b69-3a6d-4e55-9feb-1759211d111e/alocar responded 200 in 2.2427 ms
2026-04-30 20:08:40.776 -03:00 [INF] HTTP POST /api/jogos/c2a65b69-3a6d-4e55-9feb-1759211d111e/alocar responded 200 in 2.3903 ms
2026-04-30 20:08:40.964 -03:00 [INF] HTTP POST /api/jogos/c2a65b69-3a6d-4e55-9feb-1759211d111e/alocar responded 200 in 2.2031 ms
2026-04-30 20:08:42.023 -03:00 [INF] HTTP POST /api/jogos/c2a65b69-3a6d-4e55-9feb-1759211d111e/alocar responded 200 in 2.2755 ms
2026-04-30 20:08:42.191 -03:00 [INF] HTTP POST /api/jogos/c2a65b69-3a6d-4e55-9feb-1759211d111e/alocar responded 200 in 2.5742 ms
2026-04-30 20:08:42.378 -03:00 [INF] HTTP POST /api/jogos/c2a65b69-3a6d-4e55-9feb-1759211d111e/alocar responded 200 in 2.3816 ms
2026-04-30 20:08:44.938 -03:00 [INF] HTTP DELETE /api/jogos/c2a65b69-3a6d-4e55-9feb-1759211d111e responded 204 in 18.6562 ms
2026-04-30 20:08:44.944 -03:00 [INF] HTTP GET /api/jogos responded 200 in 0.6421 ms
2026-04-30 20:08:55.683 -03:00 [INF] HTTP POST /api/jogos responded 201 in 15.8245 ms
2026-04-30 20:08:55.691 -03:00 [INF] HTTP GET /api/jogos responded 200 in 3.0031 ms
2026-04-30 20:08:56.912 -03:00 [INF] HTTP POST /api/jogos/d157aa0d-db7b-4cfb-b83f-25dee90c9b2c/alocar responded 400 in 14.6224 ms
2026-04-30 20:08:57.962 -03:00 [INF] HTTP GET /api/jogos/d157aa0d-db7b-4cfb-b83f-25dee90c9b2c/presencas responded 200 in 0.9616 ms
2026-04-30 20:08:57.963 -03:00 [INF] HTTP GET /api/usuarios responded 200 in 0.7509 ms
2026-04-30 20:08:59.040 -03:00 [INF] HTTP POST /api/jogos/d157aa0d-db7b-4cfb-b83f-25dee90c9b2c/presencas responded 201 in 18.7857 ms
2026-04-30 20:08:59.407 -03:00 [INF] HTTP POST /api/jogos/d157aa0d-db7b-4cfb-b83f-25dee90c9b2c/presencas responded 201 in 18.0737 ms
2026-04-30 20:09:01.162 -03:00 [INF] HTTP POST /api/jogos/d157aa0d-db7b-4cfb-b83f-25dee90c9b2c/presencas responded 201 in 6.2179 ms
2026-04-30 20:09:01.775 -03:00 [INF] HTTP POST /api/jogos/d157aa0d-db7b-4cfb-b83f-25dee90c9b2c/presencas responded 201 in 18.2237 ms
2026-04-30 20:09:02.477 -03:00 [INF] HTTP POST /api/jogos/d157aa0d-db7b-4cfb-b83f-25dee90c9b2c/presencas responded 201 in 4.6935 ms
2026-04-30 20:09:05.749 -03:00 [INF] HTTP GET /api/rotas responded 200 in 0.7173 ms
2026-04-30 20:09:06.110 -03:00 [INF] HTTP GET /api/jogos responded 200 in 1.1868 ms
2026-04-30 20:09:07.481 -03:00 [INF] HTTP POST /api/jogos/d157aa0d-db7b-4cfb-b83f-25dee90c9b2c/alocar responded 200 in 2.1083 ms
2026-04-30 20:09:10.096 -03:00 [INF] HTTP POST /api/jogos/d157aa0d-db7b-4cfb-b83f-25dee90c9b2c/alocar responded 200 in 2.2542 ms
2026-04-30 20:09:10.103 -03:00 [INF] HTTP GET /api/jogos responded 200 in 0.8921 ms
2026-04-30 20:09:14.296 -03:00 [INF] HTTP DELETE /api/jogos/d157aa0d-db7b-4cfb-b83f-25dee90c9b2c responded 204 in 17.8342 ms
2026-04-30 20:09:14.302 -03:00 [INF] HTTP GET /api/jogos responded 200 in 0.6154 ms
2026-04-30 20:09:36.734 -03:00 [INF] HTTP GET /api/usuarios responded 200 in 1.6472 ms
2026-04-30 20:09:36.735 -03:00 [INF] HTTP GET /api/rotas responded 200 in 1.4900 ms
2026-04-30 20:09:36.735 -03:00 [INF] HTTP GET /api/grupos responded 200 in 2.4913 ms
2026-04-30 20:09:36.735 -03:00 [INF] HTTP GET /api/jogos responded 200 in 1.0806 ms
2026-04-30 20:09:41.266 -03:00 [INF] HTTP GET /api/usuarios responded 200 in 1.4894 ms
2026-04-30 20:09:41.267 -03:00 [INF] HTTP GET /api/rotas responded 200 in 1.3932 ms
2026-04-30 20:09:41.267 -03:00 [INF] HTTP GET /api/grupos responded 200 in 2.0171 ms
2026-04-30 20:09:45.408 -03:00 [INF] HTTP GET /api/usuarios responded 200 in 0.8754 ms
2026-04-30 20:09:45.409 -03:00 [INF] HTTP GET /api/grupos responded 200 in 1.4377 ms
2026-04-30 20:09:46.304 -03:00 [INF] HTTP GET /api/rotas responded 200 in 1.2766 ms
2026-04-30 20:09:47.894 -03:00 [INF] HTTP GET /api/jogos responded 200 in 0.6531 ms
2026-04-30 20:09:53.655 -03:00 [INF] HTTP GET /api/rotas responded 200 in 1.1190 ms
2026-04-30 20:09:55.863 -03:00 [INF] HTTP GET /api/usuarios responded 200 in 0.6436 ms
2026-04-30 20:09:55.863 -03:00 [INF] HTTP GET /api/grupos responded 200 in 0.7937 ms
2026-04-30 20:09:58.900 -03:00 [INF] HTTP GET /api/jogos responded 200 in 1.1619 ms
2026-04-30 20:10:32.031 -03:00 [INF] HTTP GET /api/rotas responded 200 in 0.8673 ms
2026-04-30 20:10:41.200 -03:00 [INF] HTTP GET /api/grupos responded 200 in 2.5668 ms
2026-04-30 20:10:41.200 -03:00 [INF] HTTP GET /api/usuarios responded 200 in 1.7259 ms
2026-04-30 20:10:42.012 -03:00 [INF] HTTP GET /api/rotas responded 200 in 1.5613 ms
2026-04-30 20:10:42.012 -03:00 [INF] HTTP GET /api/usuarios responded 200 in 1.7841 ms
2026-04-30 20:10:42.013 -03:00 [INF] HTTP GET /api/grupos responded 200 in 2.6960 ms
2026-04-30 20:10:42.537 -03:00 [INF] HTTP GET /api/rotas responded 200 in 1.2580 ms
2026-04-30 20:10:42.537 -03:00 [INF] HTTP GET /api/usuarios responded 200 in 1.8364 ms
2026-04-30 20:10:42.537 -03:00 [INF] HTTP GET /api/grupos responded 200 in 2.0182 ms
2026-04-30 20:10:42.538 -03:00 [INF] HTTP GET /api/jogos responded 200 in 1.1652 ms
2026-04-30 20:10:45.882 -03:00 [INF] HTTP GET /api/jogos responded 200 in 1.3631 ms
2026-04-30 20:10:46.817 -03:00 [INF] HTTP GET /api/jogos responded 200 in 2.7093 ms
2026-04-30 20:10:46.818 -03:00 [INF] HTTP GET /api/usuarios responded 200 in 3.1107 ms
2026-04-30 20:10:46.819 -03:00 [INF] HTTP GET /api/grupos responded 200 in 4.0717 ms
2026-04-30 20:10:46.820 -03:00 [INF] HTTP GET /api/rotas responded 200 in 5.2100 ms
2026-04-30 20:41:03.155 -03:00 [WRN] The navigation 'Grupo.Membros' was first mapped explicitly and then ignored. Consider not mapping the navigation in the first place.
2026-04-30 20:41:04.453 -03:00 [INF] HTTP GET /health responded 200 in 16.8090 ms
2026-04-30 20:41:05.647 -03:00 [INF] HTTP GET / responded 302 in 4.8275 ms
2026-04-30 20:41:05.681 -03:00 [INF] HTTP GET /index.html responded 304 in 20.0582 ms
2026-04-30 20:41:05.773 -03:00 [INF] HTTP GET /css/app.css responded 304 in 1.6092 ms
2026-04-30 20:41:05.774 -03:00 [INF] HTTP GET /js/api.js responded 304 in 1.1231 ms
2026-04-30 20:41:05.775 -03:00 [INF] HTTP GET /js/app.js responded 304 in 0.7665 ms
2026-04-30 20:41:05.844 -03:00 [INF] HTTP GET /favicon.ico responded 404 in 1.5196 ms
2026-04-30 20:41:21.339 -03:00 [INF] HTTP GET /api/jogos responded 200 in 110.6149 ms
2026-04-30 20:41:21.377 -03:00 [INF] HTTP GET /api/rotas responded 200 in 149.0173 ms
2026-04-30 20:41:21.379 -03:00 [INF] HTTP GET /api/usuarios responded 200 in 153.6117 ms
2026-04-30 20:41:21.407 -03:00 [INF] HTTP GET /api/grupos responded 200 in 178.7625 ms
2026-04-30 20:41:23.109 -03:00 [INF] HTTP GET /api/jogos responded 200 in 35.5444 ms
2026-04-30 20:41:52.885 -03:00 [INF] HTTP POST /api/jogos responded 201 in 94.9588 ms
2026-04-30 20:41:52.896 -03:00 [INF] HTTP GET /api/jogos responded 200 in 8.1778 ms
2026-04-30 20:41:54.806 -03:00 [INF] HTTP GET /api/usuarios responded 200 in 3.9383 ms
2026-04-30 20:41:54.812 -03:00 [INF] HTTP GET /api/jogos/887a5a8c-5e66-4e39-8ea9-d09eedbb1184/presencas responded 200 in 8.9984 ms
2026-04-30 20:41:56.201 -03:00 [INF] HTTP POST /api/jogos/887a5a8c-5e66-4e39-8ea9-d09eedbb1184/presencas responded 201 in 68.1836 ms
2026-04-30 20:41:56.611 -03:00 [INF] HTTP POST /api/jogos/887a5a8c-5e66-4e39-8ea9-d09eedbb1184/presencas responded 201 in 18.2877 ms
2026-04-30 20:41:57.080 -03:00 [INF] HTTP POST /api/jogos/887a5a8c-5e66-4e39-8ea9-d09eedbb1184/presencas responded 201 in 18.7701 ms
2026-04-30 20:41:57.931 -03:00 [INF] HTTP POST /api/jogos/887a5a8c-5e66-4e39-8ea9-d09eedbb1184/presencas responded 201 in 18.9390 ms
2026-04-30 20:41:58.338 -03:00 [INF] HTTP POST /api/jogos/887a5a8c-5e66-4e39-8ea9-d09eedbb1184/presencas responded 201 in 5.6701 ms
2026-04-30 20:42:00.743 -03:00 [INF] HTTP GET /api/rotas responded 200 in 3.4823 ms
2026-04-30 20:42:01.163 -03:00 [INF] HTTP GET /api/jogos responded 200 in 3.9352 ms
2026-04-30 20:42:03.957 -03:00 [INF] HTTP GET /api/jogos/887a5a8c-5e66-4e39-8ea9-d09eedbb1184/presencas responded 200 in 2.5621 ms
2026-04-30 20:42:03.958 -03:00 [INF] HTTP GET /api/usuarios responded 200 in 3.2704 ms
2026-04-30 20:42:05.259 -03:00 [INF] HTTP GET /api/jogos/887a5a8c-5e66-4e39-8ea9-d09eedbb1184/presencas responded 200 in 2.3612 ms
2026-04-30 20:42:05.289 -03:00 [INF] HTTP DELETE /api/jogos/887a5a8c-5e66-4e39-8ea9-d09eedbb1184/presencas/be974235-5190-4a14-b30f-f58d8bf3fe17 responded 204 in 24.0602 ms
2026-04-30 20:42:07.546 -03:00 [INF] HTTP GET /api/rotas responded 200 in 4.0094 ms
2026-04-30 20:42:08.071 -03:00 [INF] HTTP GET /api/jogos responded 200 in 3.2944 ms
2026-04-30 20:42:08.969 -03:00 [INF] HTTP GET /api/jogos/887a5a8c-5e66-4e39-8ea9-d09eedbb1184/presencas responded 200 in 1.3536 ms
2026-04-30 20:42:08.969 -03:00 [INF] HTTP GET /api/usuarios responded 200 in 1.9127 ms
2026-04-30 20:42:10.366 -03:00 [INF] HTTP POST /api/jogos/887a5a8c-5e66-4e39-8ea9-d09eedbb1184/presencas responded 201 in 5.0358 ms
